Date,AAPL,BAC,GOOG,GS,LLY,META,MRK,TSLA,WMT,XOM
2023-09-01,187.0929412841797,27.107519149780273,135.60440063476562,307.729248046875,546.53173828125,293.7999572753906,100.14680480957031,245.00999450683594,52.311744689941406,103.53213500976562
2023-09-05,187.3299560546875,26.798839569091797,135.5152130126953,304.298583984375,547.59130859375,297.53717041015625,98.0224380493164,256.489990234375,51.890838623046875,103.541259765625
2023-09-06,180.62477111816406,26.55563735961914,134.1868896484375,301.8359375,549.31787109375,296.565673828125,97.09244537353516,251.9199981689453,52.27935791015625,104.43502807617188
2023-09-07,175.34164428710938,26.31243896484375,135.00967407226562,302.6160888671875,562.3457641601562,296.0700378417969,98.41448211669922,251.49000549316406,52.926902770996094,103.92430114746094
2023-09-08,175.95388793945312,26.527576446533203,136.0009307861328,305.9621887207031,575.3245849609375,295.2968444824219,99.42652893066406,248.5,53.024044036865234,105.43826293945312
2023-09-11,177.119140625,26.63982391357422,136.53619384765625,305.1444396972656,584.251708984375,304.88262939453125,99.01625061035156,273.5799865722656,53.208580017089844,104.11582946777344
2023-09-12,174.0973663330078,27.098159790039062,134.88079833984375,311.0189514160156,587.9207763671875,299.0339660644531,99.39918518066406,267.4800109863281,53.266868591308594,107.15283203125
2023-09-13,172.033447265625,27.013980865478516,136.29827880859375,314.8538818359375,587.5086669921875,302.4044494628906,98.29594421386719,271.29998779296875,53.27981948852539,106.19522094726562
2023-09-14,173.54437255859375,27.313304901123047,137.7752685546875,323.8676452636719,580.376708984375,309.0064392089844,99.36080169677734,276.0400085449219,53.50321960449219,108.09221649169922
2023-09-15,172.823486328125,26.976560592651367,137.09129333496094,321.9596252441406,564.7295532226562,297.69573974609375,98.69985961914062,274.3900146484375,53.305721282958984,106.4323501586914
2023-09-18,175.7465057373047,26.9017333984375,137.74554443359375,322.6927185058594,560.4328002929688,299.9162902832031,98.97525787353516,265.2799987792969,52.91071319580078,107.28964233398438
2023-09-19,176.832763671875,26.798839569091797,137.61666870117188,321.34869384765625,564.04296875,302.4143371582031,98.55298614501953,266.5,52.89776611328125,107.0069351196289
2023-09-20,173.29750061035156,26.705297470092773,133.41372680664062,316.4704895019531,558.8240356445312,297.0613708496094,98.507080078125,262.5899963378906,53.069366455078125,106.15875244140625
2023-09-21,171.75694274902344,26.237607955932617,130.2119598388672,310.3985290527344,539.6843872070312,293.1556701660156,97.97467803955078,255.6999969482422,52.42505645751953,104.66303253173828
2023-09-22,172.6062469482422,25.854097366333008,130.10292053222656,308.1898193359375,540.0865478515625,296.4764709472656,97.61665344238281,244.8800048828125,52.56428527832031,104.82720184326172
2023-09-25,173.880126953125,25.816680908203125,131.01487731933594,309.0826721191406,541.8033447265625,298.2112731933594,97.15767669677734,246.99000549316406,52.797401428222656,106.00370025634766
2023-09-26,169.8115997314453,25.414464950561523,128.31863403320312,304.36431884765625,539.5667114257812,296.35748291015625,96.74459075927734,244.1199951171875,52.61284637451172,106.16786193847656
2023-09-27,168.30068969726562,25.508007049560547,130.31109619140625,302.6067199707031,539.3213500976562,295.1481018066406,95.41353607177734,240.5,52.36030960083008,109.6244125366211
2023-09-28,168.5574493408203,25.779268264770508,131.96649169921875,305.66143798828125,534.1122436523438,301.3139953613281,95.74400329589844,246.3800048828125,52.62580490112305,108.95862579345703
2023-09-29,169.07095336914062,25.610897064208984,130.69769287109375,304.12939453125,526.9313354492188,297.5965881347656,94.5047378540039,250.22000122070312,51.78076171875,107.23491668701172
2023-10-02,171.5792236328125,24.974838256835938,133.9886474609375,299.36395263671875,528.0692138671875,304.1490783691406,94.13756561279297,251.60000610351562,51.83580017089844,105.45649719238281
2023-10-03,170.24609375,24.23587989807129,132.13499450683594,287.727783203125,515.2178955078125,298.3203125,93.42154693603516,246.52999877929688,51.50878143310547,105.63890075683594
2023-10-04,171.4903564453125,24.263940811157227,135.07907104492188,290.05877685546875,521.368896484375,302.91986083984375,93.78873443603516,261.1600036621094,52.127193450927734,101.68986511230469
2023-10-05,172.7247314453125,24.37618637084961,134.801513671875,291.8446044921875,531.1986083984375,302.13677978515625,95.10142517089844,260.04998779296875,51.505550384521484,99.40070343017578
2023-10-06,175.27252197265625,24.385540008544922,137.51754760742188,293.7056579589844,554.4876708984375,312.6841735839844,95.35845184326172,260.5299987792969,50.64107894897461,97.74083709716797
2023-10-09,176.75376892089844,24.61003303527832,138.2808074951172,293.82781982421875,560.9037475585938,315.5885925292969,95.9275894165039,259.6700134277344,50.4565315246582,101.16088104248047
2023-10-10,176.16123962402344,25.264802932739258,137.98342895507812,295.8580322265625,568.3102416992188,319.03839111328125,95.11061096191406,263.6199951171875,51.0263671875,100.73223876953125
2023-10-11,177.55361938476562,25.27415657043457,140.46160888671875,294.2132263183594,593.7872314453125,324.9662780761719,94.97290802001953,262.989990234375,51.230342864990234,97.12066650390625
2023-10-12,178.45228576660156,25.161911010742188,139.06390380859375,291.2336730957031,598.9081420898438,321.3381652832031,95.09223937988281,258.8699951171875,51.46345520019531,97.1024169921875
2023-10-13,176.6155242919922,25.03095817565918,137.36888122558594,290.7166748046875,597.6328735351562,311.9505920410156,95.47779846191406,251.1199951171875,51.74838638305664,100.20328521728516
2023-10-16,176.4871368408203,25.246097564697266,139.26214599609375,295.5008850097656,604.9315185546875,318.3543395996094,95.59711456298828,253.9199981689453,52.1951789855957,100.2762451171875
2023-10-17,174.9367218017578,25.83538818359375,139.75778198242188,290.7730712890625,596.7596435546875,321.1795349121094,95.62467956542969,254.85000610351562,52.263179779052734,101.58954620361328
2023-10-18,173.6431121826172,25.54541778564453,138.062744140625,283.8177185058594,595.7098999023438,314.2107849121094,93.62350463867188,242.67999267578125,52.302032470703125,103.01229095458984
2023-10-19,173.26783752441406,25.218034744262695,137.76536560058594,281.2141418457031,579.5820922851562,310.0869140625,92.19147491455078,220.11000061035156,52.0527229309082,103.07612609863281
2023-10-20,170.72010803222656,24.61003303527832,135.54493713378906,282.0224914550781,573.5391235351562,305.9631652832031,94.2477035522461,211.99000549316406,51.401939392089844,101.30681610107422
2023-10-23,170.83859252929688,23.9178466796875,136.69480895996094,281.2423400878906,565.7008666992188,311.2765197753906,94.87194061279297,212.0800018310547,52.130428314208984,99.82022094726562
2023-10-24,171.27308654785156,23.824308395385742,138.8953857421875,281.2047424316406,581.18115234375,309.8292236328125,94.57817840576172,216.52000427246094,52.85567855834961,98.8534927368164
2023-10-25,168.96234130859375,23.899137496948242,125.56293487548828,278.93011474609375,575.3245849609375,296.9225769042969,95.12896728515625,212.4199981689453,52.6970329284668,99.035888671875
2023-10-26,164.804931640625,24.432310104370117,122.36119079589844,279.14630126953125,557.3131103515625,285.83984375,96.89147186279297,205.75999450683594,52.37649917602539,98.13298797607422
2023-10-27,166.11830139160156,23.543691635131836,122.32152557373047,272.49169921875,549.592529296875,294.14697265625,94.38541412353516,207.3000030517578,52.18223190307617,96.26337432861328
2023-10-30,168.16244506835938,24.03009033203125,124.6509780883789,282.7555847167969,554.9685668945312,300.0252685546875,94.25689697265625,197.36000061035156,52.781211853027344,96.56432342529297
2023-10-31,168.63644409179688,24.638097763061523,124.20492553710938,285.36859130859375,543.4122314453125,298.6473693847656,94.27525329589844,200.83999633789062,52.90747833251953,96.5369644165039
2023-11-01,171.79647827148438,24.694217681884766,126.455078125,288.7052917480469,543.9321899414062,309.1352844238281,94.41293334960938,205.66000366210938,53.38018798828125,96.34545135498047
2023-11-02,175.35150146484375,25.83538818359375,127.45625305175781,294.9087219238281,569.271728515625,308.1638488769531,94.41293334960938,218.50999450683594,53.59063720703125,99.5101318359375
2023-11-03,174.44296264648438,26.58370018005371,129.2305908203125,307.93597412109375,557.0286865234375,311.8613586425781,94.89946746826172,219.9600067138672,53.312191009521484,98.29715728759766
2023-11-06,176.99073791503906,26.499515533447266,130.30113220214844,304.44891357421875,583.8887939453125,313.05096435546875,95.78071594238281,219.27000427246094,53.383426666259766,96.55520629882812
2023-11-07,179.54843139648438,26.340497970581055,131.24285888671875,304.48651123046875,588.5386962890625,316.0446472167969,95.46862030029297,222.17999267578125,53.63272476196289,95.041259765625
2023-11-08,180.60504150390625,26.08794403076172,132.0953369140625,305.0598449707031,607.374267578125,316.9963073730469,95.83580780029297,222.11000061035156,53.19562911987305,93.87387084960938
2023-11-09,180.1310272216797,25.75120735168457,130.53907775878906,301.5069885253906,580.0922241210938,317.759521484375,93.98150634765625,209.97999572753906,53.072601318359375,93.90123748779297
2023-11-10,184.3136749267578,25.891511917114258,132.88836669921875,305.9527893066406,586.3609008789062,325.9079284667969,93.07271575927734,214.64999389648438,53.80756378173828,94.62173461914062
2023-11-13,182.73159790039062,25.910221099853516,132.47203063964844,307.2686767578125,601.0761108398438,326.3243713378906,94.06412506103516,223.7100067138672,54.289981842041016,95.61582946777344
2023-11-14,185.342041015625,27.332008361816406,134.24639892578125,318.369140625,600.3292236328125,333.3823547363281,93.78873443603516,237.41000366210938,54.280269622802734,95.98396301269531
2023-11-15,185.90567016601562,27.70616340637207,135.18807983398438,317.31640625,578.431884765625,329.813720703125,93.03600311279297,242.83999633789062,54.96990966796875,95.40414428710938
2023-11-16,187.58660888671875,27.63133430480957,137.48779296875,316.4422607421875,578.63818359375,331.2808837890625,93.62350463867188,233.58999633789062,50.52128601074219,94.29972076416016
2023-11-17,187.56687927246094,28.04290199279785,135.74319458007812,318.8109130859375,581.54736328125,332.1234436035156,93.4031753540039,234.3000030517578,50.297882080078125,96.60061645507812
2023-11-20,189.3071746826172,28.070968627929688,136.71461486816406,319.0553283691406,587.3362426757812,337.0105895996094,94.25689697265625,235.60000610351562,50.28169250488281,96.17725372314453
2023-11-21,188.50621032714844,27.743581771850586,137.40850830078125,314.84442138671875,582.4220581054688,334.0465393066406,93.82545471191406,241.1999969482422,50.46300506591797,96.14044189453125
2023-11-22,189.16871643066406,27.715518951416016,138.79629516601562,318.2939453125,584.8693237304688,338.5173034667969,93.33892059326172,234.2100067138672,50.077720642089844,95.72628021240234
2023-11-24,187.84375,27.809059143066406,137.0120086669922,318.77325439453125,590.7761840820312,335.2856750488281,93.51335144042969,235.4499969482422,50.52776336669922,96.24168395996094
2023-11-27,187.6657257080078,27.650039672851562,136.843505859375,317.4197998046875,581.3705444335938,331.78643798828125,93.10944366455078,236.0800018310547,50.757633209228516,95.68025207519531
2023-11-28,188.26889038085938,27.621978759765625,137.40850830078125,317.36334228515625,581.4392700195312,336.0390625,91.96198272705078,246.72000122070312,51.36309051513672,95.62504577636719
2023-11-29,187.25042724609375,28.35158348083496,135.20790100097656,322.44268798828125,581.6947631835938,329.30816650390625,92.83403015136719,244.13999938964844,50.534236907958984,94.18927764892578
2023-11-30,187.82394409179688,28.74757957458496,132.7495880126953,323.6557312011719,580.888916015625,324.3021240234375,94.07330322265625,240.0800018310547,50.407962799072266,94.55742645263672
2023-12-01,189.0994873046875,29.190717697143555,132.15484619140625,330.1849365234375,574.009033203125,321.992431640625,94.97290802001953,238.8300018310547,49.97087478637695,94.78750610351562
2023-12-04,187.3097686767578,29.058717727661133,129.48834228515625,331.0946350097656,575.6209716796875,317.2341613769531,96.441650390625,235.5800018310547,49.95792770385742,94.27210235595703
2023-12-05,191.25506591796875,28.83243751525879,131.23297119140625,323.8547058105469,578.048583984375,315.5192565917969,97.51568603515625,238.72000122070312,50.42091369628906,92.44060516357422
2023-12-06,190.16741943359375,28.785295486450195,130.2813262939453,324.06317138671875,579.1296997070312,314.6865539550781,96.96490478515625,239.3699951171875,49.873748779296875,91.2165298461914
2023-12-07,192.09559631347656,28.907867431640625,137.24002075195312,326.5743713378906,578.16650390625,323.7469787597656,95.35845184326172,242.63999938964844,49.5455207824707,90.58147430419922
2023-12-08,193.5194854736328,29.190717697143555,135.44580078125,332.4592590332031,587.7784423828125,329.8534240722656,95.23912811279297,243.83999633789062,49.02556228637695,91.62147521972656
2023-12-11,191.0177764892578,29.087005615234375,133.52276611328125,333.3405456542969,574.009033203125,322.44842529296875,95.80825805664062,239.74000549316406,49.149051666259766,91.68592071533203
2023-12-12,192.5306854248047,28.983293533325195,132.47203063964844,334.1460266113281,574.716796875,331.31060791015625,95.79908752441406,237.00999450683594,49.188045501708984,90.24095916748047
2023-12-13,195.7442626953125,30.209001541137695,132.79913330078125,343.7361145019531,587.2379760742188,331.8260192871094,98.323486328125,239.2899932861328,50.062225341796875,91.04165649414062
2023-12-14,195.89259338378906,32.00041961669922,132.03587341308594,363.39007568359375,563.8171997070312,330.26971435546875,97.8981704711914,251.0500030517578,49.451271057128906,93.48981475830078
2023-12-15,195.35865783691406,31.679853439331055,132.67025756835938,360.5850830078125,562.2152099609375,332.00445556640625,97.18621826171875,253.5,49.636512756347656,92.86396789550781
2023-12-18,193.6974639892578,31.519563674926758,135.99099731445312,356.6903076171875,569.8026123046875,341.6200256347656,98.04610443115234,252.0800018310547,50.3611946105957,93.55423736572266
2023-12-19,194.73573303222656,31.59499740600586,136.89308166503906,362.42352294921875,569.851806640625,347.3100891113281,98.46218872070312,257.2200012207031,50.54319381713867,94.78750610351562
2023-12-20,192.64932250976562,31.09528160095215,138.43942260742188,357.7516174316406,560.4166259765625,346.23944091796875,97.4173812866211,247.13999938964844,49.95172882080078,93.20449829101562
2023-12-21,192.5009765625,31.30271339416504,140.56072998046875,360.6419372558594,562.1759033203125,351.007568359375,98.36972045898438,254.5,50.30595779418945,93.62786865234375
2023-12-22,191.43307495117188,31.519563674926758,141.47268676757812,360.7177734375,560.5935668945312,350.31365966796875,99.58097076416016,252.5399932861328,50.907161712646484,93.79353332519531
2023-12-26,190.88926696777344,31.924999237060547,141.57179260253906,361.6274719238281,560.8687133789062,351.7411193847656,99.5162353515625,256.6099853515625,50.829158782958984,94.00521087646484
2023-12-27,190.9881134033203,31.906137466430664,140.203857421875,364.34722900390625,571.5225219726562,354.7150573730469,99.83985900878906,261.44000244140625,51.30687713623047,93.56343841552734
2023-12-28,191.413330078125,31.943851470947266,140.04525756835938,366.1761474609375,570.8739013671875,355.2008056640625,100.57029724121094,253.17999267578125,51.206138610839844,92.21051025390625
2023-12-29,190.3750762939453,31.745845794677734,139.69833374023438,365.569580078125,572.9083251953125,350.8787536621094,100.80144500732422,248.47999572753906,51.23213577270508,92.01724243164062
2024-01-02,183.56219482421875,31.962705612182617,138.34030151367188,367.9671630859375,582.0289916992188,343.2755432128906,104.70333862304688,248.4199981689453,51.76509094238281,94.20768737792969
2024-01-03,182.187744140625,31.613855361938477,139.13330078125,361.79803466796875,607.091064453125,341.4713439941406,106.11799621582031,238.4499969482422,51.76833724975586,94.99919891357422
2024-01-04,179.8739471435547,31.868423461914062,136.83358764648438,362.8973083496094,603.9459838867188,344.0982971191406,108.18913269042969,237.92999267578125,51.26788330078125,94.17088317871094
2024-01-05,179.152099609375,32.46242141723633,136.1892547607422,366.2046203613281,607.9264526367188,348.8862609863281,108.38329315185547,237.49000549316406,50.926658630371094,94.45618438720703
2024-01-08,183.48306274414062,32.20784378051758,139.30181884765625,368.497802734375,615.2780151367188,355.537841796875,108.5312271118164,240.4499969482422,51.42711639404297,92.88237762451172
2024-01-09,183.0677947998047,31.708141326904297,141.31405639648438,363.6459655761719,614.7373657226562,354.31854248046875,109.50208282470703,234.9600067138672,51.771583557128906,91.73192596435547
2024-01-10,184.10601806640625,31.679853439331055,142.54322814941406,361.95916748046875,619.3665771484375,367.24505615234375,109.89966583251953,233.94000244140625,52.415035247802734,90.8299789428711
2024-01-11,183.51275634765625,31.255571365356445,142.41436767578125,359.8648681640625,624.801513671875,366.4519958496094,109.50208282470703,227.22000122070312,52.35654067993164,90.81157684326172
2024-01-12,183.8390350341797,30.925569534301758,142.97940063476562,357.96966552734375,631.8779296875,371.2300109863281,109.68700408935547,218.88999938964844,52.42478942871094,91.98961639404297
2024-01-16,181.57467651367188,30.284427642822266,142.82080078125,360.52825927734375,623.6713256835938,364.26123046875,109.55755615234375,219.91000366210938,52.59052276611328,89.90962219238281
2024-01-17,180.6353302001953,29.982717514038086,141.6411895751953,357.4294738769531,618.1083984375,365.16326904296875,109.22467803955078,215.5500030517578,52.34354019165039,89.25618743896484
2024-01-18,186.5187225341797,29.916715621948242,143.7228240966797,357.173583984375,612.6439819335938,372.8558044433594,109.60379791259766,211.8800048828125,53.04873275756836,89.09050750732422
2024-01-19,189.41592407226562,30.37871551513672,146.67678833007812,362.18658447265625,617.7841186523438,380.11199951171875,109.92738342285156,212.19000244140625,52.769264221191406,89.22855377197266
2024-01-22,191.71986389160156,30.689855575561523,146.41909790039062,365.7497253417969,620.044677734375,378.4565124511719,110.42669677734375,208.8000030517578,52.77250289916992,89.10892486572266
2024-01-23,192.9954071044922,30.897289276123047,147.3805694580078,360.83148193359375,618.865234375,381.8467712402344,110.80579376220703,209.13999938964844,52.90574645996094,90.11210632324219
2024-01-24,192.32301330566406,31.09528160095215,149.0360107421875,359.53326416015625,622.8162231445312,387.2989196777344,109.91815948486328,207.8300018310547,52.15830612182617,91.66751098632812
2024-01-25,191.99673461914062,31.48185157775879,152.2972412109375,362.660400390625,616.8406372070312,389.75732421875,111.07392120361328,182.6300048828125,52.91874313354492,93.9959945678711
2024-01-26,190.2662811279297,31.519563674926758,152.44593811035156,358.007568359375,628.27099609375,390.7090148925781,111.71190643310547,183.25,53.38346481323242,94.79671478271484
2024-01-29,189.5840301513672,31.689281463623047,153.4867401123047,360.6324768066406,633.9220581054688,397.529052734375,112.13723754882812,190.92999267578125,53.633689880371094,94.91637420654297
2024-01-30,185.93533325195312,32.80184555053711,151.71241760253906,366.6120300292969,633.9024658203125,396.5774230957031,112.48857879638672,191.58999633789062,53.81242370605469,96.49938201904297
2024-01-31,182.33604431152344,32.06642150878906,140.56072998046875,363.9018249511719,634.5216064453125,386.74383544921875,111.67491912841797,187.2899932861328,53.701934814453125,94.62185668945312
2024-02-01,184.76852416992188,31.632709503173828,141.4627685546875,363.7501525878906,649.0870971679688,391.34344482421875,116.8527603149414,188.86000061035156,54.69635009765625,94.23530578613281
2024-02-02,183.7698211669922,31.557281494140625,142.28550720214844,367.5502624511719,656.1832275390625,470.8551330566406,116.88050842285156,187.91000366210938,55.1058235168457,93.84876251220703
2024-02-05,185.579345703125,31.104717254638672,143.66336059570312,362.9635925292969,694.0709228515625,455.4107971191406,116.66783905029297,181.05999755859375,54.81009292602539,93.46221160888672
2024-02-06,187.18124389648438,31.151851654052734,144.13916015625,364.8304748535156,692.921142578125,450.7616271972656,117.31507110595703,185.10000610351562,55.18381118774414,94.10646057128906
2024-02-07,187.29002380371094,31.28384780883789,145.39804077148438,366.41302490234375,712.9215698242188,465.5021667480469,117.860595703125,187.5800018310547,55.0440788269043,94.07884216308594
2024-02-08,186.2122039794922,31.227283477783203,145.93333435058594,364.8778991699219,723.0447387695312,465.9085693359375,117.0654296875,189.55999755859375,55.04082489013672,95.689453125
2024-02-09,186.97454833984375,31.18014144897461,148.90711975097656,364.13873291015625,727.4478149414062,464.0350036621094,115.99287414550781,193.57000732421875,55.01157760620117,93.66468048095703
2024-02-12,185.29141235351562,31.698705673217773,147.43014526367188,372.0799255371094,724.5977172851562,464.81817626953125,115.89116668701172,188.1300048828125,55.34305191040039,94.95317077636719
2024-02-13,183.20237731933594,30.8784236907959,145.09078979492188,358.917236328125,730.20947265625,456.11456298828125,115.97437286376953,184.02000427246094,54.96608352661133,94.13573455810547
2024-02-14,182.32122802734375,31.236709594726562,145.8540496826172,358.24444580078125,745.6078491210938,469.1600036621094,116.33497619628906,188.7100067138672,54.79059600830078,93.67127227783203
2024-02-15,182.03408813476562,32.12299346923828,142.68203735351562,365.23797607421875,746.0704956054688,479.81646728515625,117.0007095336914,200.4499969482422,55.014827728271484,96.3558349609375
2024-02-16,180.49948120117188,32.141849517822266,140.5210418701172,364.3092346191406,769.975341796875,469.1996765136719,118.15647888183594,199.9499969482422,55.362548828125,96.3558349609375
2024-02-20,179.75694274902344,32.0192756652832,140.9572296142578,364.3851318359375,743.9833374023438,467.6433410644531,117.76812744140625,193.75999450683594,57.149906158447266,95.44548797607422
2024-02-21,180.50941467285156,31.77413558959961,142.5828857421875,367.938720703125,734.384033203125,464.4480285644531,118.46158599853516,194.77000427246094,56.44796371459961,97.39620971679688
2024-02-22,182.5390167236328,31.689281463623047,144.04995727539062,370.0235900878906,757.747314453125,482.4095153808594,119.51565551757812,197.41000366210938,57.003662109375,97.31260681152344
2024-02-23,180.7073974609375,31.9815616607666,144.02020263671875,370.5731506347656,757.6488647460938,480.3255615234375,119.69132995605469,191.97000122070312,57.05241394042969,96.4580078125
2024-02-26,179.3609161376953,31.689281463623047,137.53736877441406,369.78662109375,759.9920043945312,478.0531005859375,119.12731170654297,199.39999389648438,58.10532760620117,96.8388671875
2024-02-27,180.81631469726562,32.32099151611328,138.87559509277344,370.34576416015625,753.1790771484375,483.3224182128906,119.3030014038086,199.72999572753906,58.0955810546875,96.6344985961914
2024-02-28,179.6183319091797,32.34928512573242,136.22891235351562,375.2320556640625,745.9327392578125,480.31561279296875,118.52632904052734,202.0399932861328,58.12482833862305,96.90390014648438
2024-02-29,178.95497131347656,32.77655029296875,138.55836486816406,371.29058837890625,742.033935546875,486.3788757324219,117.5647201538086,201.8800048828125,57.140159606933594,97.08966827392578
2024-03-01,177.8758087158203,32.61513900756836,136.87322998046875,370.3839111328125,770.0343627929688,498.45574951171875,117.3890380859375,202.63999938964844,57.28639221191406,98.31582641601562
2024-03-04,173.361083984375,33.374732971191406,133.0271453857422,374.344482421875,780.0374755859375,494.377197265625,114.69841003417969,188.13999938964844,57.81285095214844,96.94105529785156
2024-03-05,168.43052673339844,33.60261154174805,132.6107940673828,373.065673828125,765.574462890625,486.4681701660156,113.57039642333984,180.74000549316406,58.53429412841797,98.13005065917969
2024-03-06,167.44046020507812,33.63109588623047,131.40145874023438,371.7868347167969,767.7207641601562,492.29327392578125,114.4210205078125,176.5399932861328,59.051002502441406,99.17971801757812
2024-03-07,167.3216552734375,33.83048629760742,134.0580596923828,370.6988525390625,768.1046752929688,508.27001953125,114.64292907714844,178.64999389648438,58.84627151489258,99.73706817626953
2024-03-08,169.03448486328125,33.802001953125,135.098876953125,369.3246154785156,750.36328125,502.0777893066406,114.18988800048828,175.33999633789062,58.61228561401367,100.67525482177734
2024-03-11,171.034423828125,34.07735824584961,137.72569274902344,368.5325012207031,723.0223388671875,479.888916015625,113.514892578125,177.77000427246094,59.13874816894531,101.26976776123047
2024-03-12,171.50967407226562,34.14381408691406,138.39974975585938,370.46026611328125,743.2843017578125,495.9252624511719,113.41320037841797,177.5399932861328,59.869937896728516,100.6195297241211
2024-03-13,169.43052673339844,34.25776290893555,139.5397186279297,374.4017333984375,746.1297607421875,491.77728271484375,112.95089721679688,169.47999572753906,59.743194580078125,101.74349975585938
2024-03-14,171.28195190429688,33.887454986572266,143.07850646972656,370.87066650390625,748.9750366210938,488.06585693359375,112.13207244873047,162.5,59.69232940673828,103.54560089111328
2024-03-15,170.9057159423828,33.62160110473633,140.92745971679688,369.5345764160156,742.5162963867188,480.39508056640625,113.07185363769531,163.57000732421875,59.35972595214844,103.35980224609375
2024-03-18,171.9947967529297,34.19129180908203,147.18234252929688,366.8241882324219,750.8751220703125,493.1764831542969,112.99742126464844,173.8000030517578,59.53581237792969,104.31658172607422
2024-03-19,174.3313751220703,34.210289001464844,146.62722778320312,370.91839599609375,760.8389282226562,492.44207763671875,113.7045669555664,171.32000732421875,59.54559326171875,105.05042266845703
2024-03-20,176.89564514160156,34.8939208984375,148.37184143066406,378.37188720703125,760.9175415039062,501.6510925292969,115.23987579345703,175.66000366210938,59.917327880859375,104.95755004882812
2024-03-21,169.66812133789062,35.61553955078125,147.4400634765625,394.8248596191406,758.3577880859375,503.87396240234375,115.0258560180664,172.82000732421875,60.11296844482422,105.42198944091797
2024-03-22,170.56910705566406,35.178768157958984,150.44354248046875,388.2493896484375,758.7023315429688,505.67999267578125,115.23987579345703,170.8300018310547,59.54559326171875,105.42198944091797
2024-03-25,169.15330505371094,34.99836730957031,149.82901000976562,386.4552307128906,761.1932373046875,499.17022705078125,116.5983657836914,172.6300048828125,59.25212097167969,106.4995346069336
2024-03-26,168.02462768554688,35.21675109863281,150.37420654296875,387.6385803222656,762.926025390625,492.0948181152344,116.79376983642578,177.6699981689453,59.19342041015625,105.70065307617188
2024-03-27,171.58888244628906,35.900386810302734,150.61212158203125,396.2945861816406,766.1552734375,490.0802917480469,122.59064483642578,179.8300018310547,59.39885711669922,106.79678344726562
2024-03-28,169.7770233154297,36.00483322143555,150.92929077148438,398.6231689453125,765.9386596679688,481.86370849609375,122.77674102783203,175.7899932861328,58.86082458496094,107.97648620605469
2024-04-01,168.3414306640625,35.625030517578125,155.13223266601562,394.6340026855469,748.7978515625,487.58953857421875,121.88350677490234,175.22000122070312,58.69451904296875,108.67317199707031
2024-04-02,167.1632537841797,35.41614532470703,154.50775146484375,391.42742919921875,752.1551513671875,493.56341552734375,121.28799438476562,166.6300048828125,57.872798919677734,110.80037689208984
2024-04-03,167.96519470214844,35.549072265625,155.00338745117188,395.1016845703125,763.9992065429688,502.8617248535156,120.86925506591797,168.3800048828125,58.13692855834961,110.81896209716797
2024-04-04,167.1434783935547,35.055335998535156,150.61212158203125,387.70538330078125,756.2114868164062,507.009765625,118.78499603271484,171.11000061035156,58.20540237426758,111.20909881591797
2024-04-05,167.8959197998047,35.235740661621094,152.5946502685547,389.44232177734375,772.0921630859375,523.3040771484375,119.09205627441406,164.89999389648438,58.54778289794922,112.74181365966797
2024-04-08,166.7771453857422,35.606040954589844,154.77540588378906,391.7996520996094,765.2791137695312,515.2760009765625,117.7614517211914,172.97999572753906,58.479305267333984,111.98009490966797
2024-04-09,167.9850311279297,35.824424743652344,156.75791931152344,391.9618225097656,745.5389404296875,512.944091796875,117.90103912353516,176.8800048828125,58.489097595214844,112.56529998779297
2024-04-10,166.1138153076172,34.798973083496094,156.2821044921875,382.4660339355469,750.2056274414062,515.8515625,117.9382553100586,171.75999450683594,59.301029205322266,113.5127944946289
2024-04-11,173.3016815185547,34.51412582397461,159.3847198486328,379.33575439453125,747.8525390625,519.156005859375,117.37996673583984,174.60000610351562,58.782562255859375,113.13194274902344
2024-04-12,174.79666137695312,33.9824104309082,157.79873657226562,371.71044921875,740.025390625,507.9822082519531,116.99848175048828,171.0500030517578,58.83147430419922,111.81289672851562
2024-04-15,170.9750213623047,34.13432693481445,154.9637451171875,382.5805358886719,739.1688842773438,496.4015808105469,117.41718292236328,161.47999572753906,58.626041412353516,111.17195129394531
2024-04-16,167.69790649414062,32.928466796875,154.63661193847656,378.7439880371094,735.2012329101562,495.9352111816406,116.3657455444336,157.11000061035156,58.538002014160156,110.25232696533203
2024-04-17,166.33160400390625,33.450687408447266,155.50894165039062,385.4721984863281,739.1688842773438,490.38800048828125,116.6541976928711,155.4499969482422,58.35213851928711,110.19657897949219
2024-04-18,165.3811492919922,33.96342086791992,156.08384704589844,384.70867919921875,734.4234619140625,497.95953369140625,116.52393341064453,149.92999267578125,57.970619201660156,110.09440612792969
2024-04-19,163.3613739013672,35.10281753540039,154.35906982421875,385.55810546875,715.0867919921875,477.38818359375,117.03569793701172,147.0500030517578,58.23474884033203,111.35771179199219
2024-04-22,164.1930694580078,35.824424743652344,156.569580078125,398.2987060546875,720.029296875,478.0431213378906,118.11504364013672,142.0500030517578,58.83147430419922,111.9893798828125
2024-04-23,165.2425079345703,36.43210220336914,158.5223388671875,404.6451721191406,734.16748046875,492.30316162109375,118.05921936035156,144.67999267578125,57.8043212890625,112.42597198486328
2024-04-24,167.3414764404297,36.38462448120117,159.69203186035156,403.72900390625,720.8858032226562,489.7230224609375,118.1708755493164,162.1300048828125,58.567344665527344,112.44454956054688
2024-04-25,168.20286560058594,35.99533462524414,156.569580078125,400.8754577636719,713.6690673828125,438.001953125,121.63225555419922,170.17999267578125,58.89995574951172,112.70465087890625
2024-04-26,167.61868286132812,35.91938018798828,172.17201232910156,408.0521545410156,722.175537109375,439.89739990234375,122.0788803100586,168.2899932861328,58.851043701171875,109.57422637939453
2024-04-29,171.77696228027344,35.65351486206055,166.4326171875,411.144287109375,725.80859375,429.3089599609375,121.073974609375,194.0500030517578,58.92930221557617,111.13479614257812
2024-04-30,168.63845825195312,35.14078903198242,163.20111083984375,407.2314147949219,769.0301513671875,426.8778076171875,120.23654174804688,183.27999877929688,58.05866622924805,109.8621826171875
2024-05-01,167.61868286132812,35.083824157714844,164.12298583984375,407.46051025390625,764.7473754882812,435.8287048339844,119.84574890136719,179.99000549316406,57.56954574584961,107.78142547607422
2024-05-02,171.31166076660156,35.01736068725586,166.9877166748047,412.8240051269531,744.2294921875,438.2996826171875,119.34327697753906,180.00999450683594,58.41083526611328,107.97648620605469
2024-05-03,181.55886840820312,35.36867141723633,167.51309204101562,418.1778869628906,723.6129760742188,448.5009765625,118.64542388916016,181.19000244140625,58.51844024658203,107.7535629272461
2024-05-06,179.9054718017578,35.786441802978516,168.3457489013672,423.41729736328125,754.8330078125,462.115966796875,118.70124053955078,184.75999450683594,58.567344665527344,108.45024108886719
2024-05-07,180.58860778808594,35.92886734008789,171.46820068359375,423.5412902832031,765.7517700195312,464.6564025878906,121.3158950805664,177.80999755859375,59.301029205322266,107.9114761352539
2024-05-08,180.92523193359375,35.80543518066406,169.66412353515625,426.5474853515625,763.0245361328125,468.9830627441406,120.54361724853516,174.72000122070312,58.98799133300781,107.89289093017578
2024-05-09,182.73703002929688,36.346649169921875,170.08045959472656,434.7645263671875,759.6277465820312,471.7814636230469,121.17630767822266,171.97000122070312,59.32959747314453,110.02008819580078
2024-05-10,181.47796630859375,36.50806427001953,168.80172729492188,433.97235107421875,748.2562866210938,472.5555114746094,121.01815032958984,168.47000122070312,59.36886215209961,109.57422637939453
2024-05-13,184.6802215576172,36.280181884765625,169.4063720703125,432.8558349609375,745.9918212890625,464.42816162109375,120.3016586303711,171.88999938964844,59.30015182495117,109.52777099609375
2024-05-14,185.82032775878906,36.54604721069336,170.42739868164062,437.54168701171875,752.1747436523438,468.23876953125,119.7154769897461,177.5500030517578,58.760257720947266,110.19266510009766
2024-05-15,188.09068298339844,36.94483184814453,172.3603515625,444.8138122558594,776.1795043945312,477.8546142578125,122.57203674316406,173.99000549316406,58.73080825805664,111.04483032226562
2024-05-16,188.20962524414062,37.239166259765625,173.89678955078125,443.31549072265625,760.49853515625,469.6082458496094,121.7811508178711,174.83999633789062,62.834014892578125,110.37995147705078
2024-05-17,188.23939514160156,37.305641174316406,175.74053955078125,446.36944580078125,759.3939208984375,468.2983093261719,122.06959533691406,177.4600067138672,63.46226501464844,112.03746795654297
2024-05-20,189.39932250976562,36.859375,176.90029907226562,441.8076171875,772.392333984375,465.25177001953125,121.88350677490234,174.9499969482422,63.000892639160156,111.12909698486328
2024-05-21,190.6980743408203,37.64745330810547,177.97088623046875,448.9366149902344,792.10693359375,461.0740661621094,121.66947174072266,186.60000610351562,63.95307922363281,110.36122131347656
2024-05-22,189.26052856445312,37.751895904541016,176.4443359375,441.273193359375,791.8505249023438,464.1999206542969,121.9858627319336,180.11000061035156,64.05123901367188,108.1418228149414
2024-05-23,185.27508544921875,37.19169616699219,173.530029296875,437.23626708984375,797.3142700195312,462.2152099609375,121.97654724121094,173.74000549316406,63.64875793457031,106.29700469970703
2024-05-24,188.34841918945312,37.69493103027344,174.78892517089844,440.1279296875,796.308349609375,474.55999755859375,120.48777770996094,179.24000549316406,64.1788330078125,106.21271514892578
2024-05-28,188.35838317871094,37.33412170410156,176.46417236328125,438.82049560546875,796.732421875,476.2470703125,117.32413482666016,176.75,63.845096588134766,107.56122589111328
2024-05-29,188.65579223632812,36.76442337036133,175.84957885742188,436.301025390625,800.3519287109375,470.7294921875,117.1473617553711,176.19000244140625,63.727291107177734,106.40937805175781
2024-05-30,189.64720153808594,36.67897033691406,172.04312133789062,432.278076171875,803.833251953125,463.4754943847656,115.87260437011719,178.7899932861328,63.697853088378906,106.74649810791016
2024-05-31,190.5989532470703,37.97028350830078,172.43966674804688,438.3172302246094,809.04052734375,463.2571716308594,116.81239318847656,178.0800018310547,64.5518569946289,109.80872344970703
2024-06-03,192.3636474609375,37.8658447265625,172.89564514160156,436.8387145996094,819.8101196289062,473.83563232421875,119.49215698242188,176.2899932861328,64.61075592041016,107.17727661132812
2024-06-04,192.68093872070312,37.675933837890625,173.5994415283203,437.1458740234375,821.1218872070312,473.33941650390625,119.76200103759766,174.77000427246094,65.37643432617188,105.5103759765625
2024-06-05,194.18783569335938,37.94179916381836,175.52247619628906,443.2715148925781,820.3032836914062,491.2711486816406,120.45055389404297,175.0,65.85743713378906,105.9317855834961
2024-06-06,192.809814453125,37.69493103027344,176.79129028320312,439.8342590332031,825.7570190429688,489.9810485839844,121.4461669921875,177.94000244140625,65.91633605957031,106.72776794433594
2024-06-07,195.1990966796875,38.00061798095703,174.41224670410156,436.771484375,838.2821044921875,489.18719482421875,121.58572387695312,177.47999572753906,64.6696548461914,105.58529663085938
2024-06-10,191.4614715576172,37.89553451538086,175.2855682373047,435.4656677246094,853.0853271484375,498.75341796875,122.34874725341797,173.7899932861328,65.72980499267578,105.89434051513672
2024-06-11,205.3709716796875,37.121768951416016,176.8336639404297,426.5556945800781,853.8941650390625,503.58612060546875,122.67440032958984,170.66000366210938,65.5040512084961,105.04216003417969
2024-06-12,211.2401580810547,37.64716720581055,178.19325256347656,430.8090515136719,855.3536987304688,504.9456481933594,121.14840698242188,177.2899932861328,65.09175109863281,103.88095092773438
2024-06-13,212.4001007080078,37.50387954711914,175.3947296142578,428.5527648925781,871.1629028320312,500.241943359375,120.37611389160156,182.47000122070312,65.47459411621094,103.04750061035156
2024-06-14,210.6651611328125,37.484771728515625,177.01231384277344,428.65838623046875,866.3501586914062,500.7982177734375,120.47845458984375,178.00999450683594,65.78870391845703,102.1766128540039
2024-06-17,214.80923461914062,37.74269104003906,177.41917419433594,432.2300109863281,872.8197631835938,503.2518005371094,119.34585571289062,187.44000244140625,66.18136596679688,101.47425842285156
2024-06-18,212.44967651367188,38.20122528076172,175.10691833496094,439.1909484863281,879.1808471679688,496.1593933105469,119.80451202392578,184.86000061035156,66.35806274414062,102.429443359375
2024-06-20,207.87924194335938,38.20122528076172,176.3573455810547,439.7862548828125,873.7862548828125,498.3546447753906,121.37708282470703,181.57000732421875,66.7605209350586,104.63948822021484
2024-06-21,205.70806884765625,37.72359085083008,178.88792419433594,432.2300109863281,871.7053833007812,491.48077392578125,122.35991668701172,183.00999450683594,66.66236114501953,103.72175598144531
2024-06-24,206.3524627685547,38.22987747192383,179.41390991210938,443.6651916503906,877.8494873046875,495.5832214355469,124.45665740966797,182.5800018310547,67.63417053222656,106.80268859863281
2024-06-25,207.2744903564453,37.61851119995117,184.1674346923828,439.14300537109375,892.1497802734375,507.1952819824219,124.4192123413086,187.35000610351562,66.18136596679688,107.10235595703125
2024-06-26,211.41859436035156,37.2555046081543,183.95901489257812,437.68353271484375,888.8458862304688,509.6984558105469,123.09003448486328,196.3699951171875,67.03539276123047,107.13981628417969
2024-06-27,212.2613067626953,37.494327545166016,185.43768310546875,428.1783142089844,896.518798828125,516.0955810546875,121.51748657226562,197.4199981689453,66.6329116821289,107.59868621826172
2024-06-28,208.81117248535156,37.99106216430664,182.02389526367188,434.28472900390625,892.9091186523438,500.8578186035156,115.88248443603516,197.8800048828125,66.46603393554688,107.80469512939453
2024-07-01,214.88853454589844,38.22032928466797,183.0857391357422,445.1725769042969,901.7753295898438,501.31475830078125,119.72026824951172,209.86000061035156,66.24026489257812,107.65486145019531
2024-07-02,218.3782958984375,39.099178314208984,185.18959045410156,447.0447692871094,894.2208862304688,506.1026306152344,119.5517807006836,231.25999450683594,66.81942749023438,106.92443084716797
2024-07-03,219.64732360839844,39.070526123046875,185.96363830566406,449.2626953125,885.7294311523438,506.5595397949219,117.80137634277344,246.38999938964844,66.98628997802734,107.46755981445312
2024-07-05,224.39617919921875,38.60243606567383,190.49887084960938,446.2190856933594,901.9725341796875,536.309814453125,118.36299896240234,251.52000427246094,68.75321960449219,106.16590118408203
2024-07-08,225.86349487304688,38.803043365478516,189.0301055908203,446.2862854003906,905.3553466796875,525.7904663085938,117.73585510253906,252.94000244140625,68.39984893798828,105.05152893066406
2024-07-09,226.71607971191406,39.56725311279297,188.99041748046875,453.9768981933594,919.6556396484375,526.4659423828125,117.97923278808594,262.3299865722656,68.61580657958984,103.89031982421875
2024-07-10,230.9791717529297,39.872947692871094,191.1935577392578,459.7953186035156,926.8353881835938,531.1246948242188,119.15863800048828,263.260009765625,69.11644744873047,104.80804443359375
2024-07-11,225.61561584472656,39.93981170654297,185.8743438720703,460.12176513671875,921.2730712890625,509.28131103515625,120.72183990478516,241.02999877929688,68.51763153076172,106.05352020263672
2024-07-12,228.5601043701172,39.72965621948242,185.3583221435547,460.7458190917969,935.3365478515625,495.5434875488281,119.5892333984375,248.22999572753906,67.96792602539062,106.07225036621094
2024-07-15,232.386962890625,40.0162353515625,186.75758361816406,472.6033935546875,937.3682861328125,492.8515319824219,119.92619323730469,252.63999938964844,68.33113098144531,107.88896942138672
2024-07-16,232.80335998535156,42.156036376953125,184.0880126953125,482.96319580078125,928.63037109375,486.5240783691406,117.4176025390625,256.55999755859375,68.70414733886719,108.6662368774414
2024-07-17,226.91436767578125,42.01274871826172,181.22994995117188,482.1566467285156,893.1163940429688,458.909423828125,117.83880615234375,248.5,69.72502899169922,110.16456604003906
2024-07-18,222.2546844482422,41.08613967895508,177.85586547851562,466.8234558105469,837.207275390625,472.6769714355469,116.30369567871094,249.22999572753906,69.51890563964844,111.25086212158203
2024-07-19,222.3836212158203,40.98106384277344,178.0245361328125,465.594482421875,845.6590576171875,473.6107177734375,117.72647857666016,239.1999969482422,69.45018768310547,108.6943359375
2024-07-22,222.03663635253906,40.407894134521484,181.9544219970703,467.6203308105469,854.0419921875,484.14996337890625,117.65161895751953,251.50999450683594,69.08698272705078,107.9451675415039
2024-07-23,223.0775909423828,40.512977600097656,182.2025146484375,472.5265808105469,866.1922607421875,485.431396484375,116.42537689208984,246.3800048828125,69.3520278930664,106.20335388183594
2024-07-24,216.6631622314453,40.30281448364258,173.04275512695312,467.29388427734375,848.035888671875,458.1941833496094,117.86689758300781,215.99000549316406,69.30293273925781,107.70169067382812
2024-07-25,215.6221923828125,39.81562423706055,167.87240600585938,472.1041259765625,809.8787841796875,450.3866271972656,117.80137634277344,220.25,68.73360443115234,109.96790313720703
2024-07-26,216.088134765625,39.80606460571289,167.39605712890625,479.13226318359375,793.537109375,462.59466552734375,117.24911499023438,219.8000030517578,68.49800872802734,109.87425231933594
2024-07-29,216.36575317382812,39.252017974853516,169.82742309570312,473.0738830566406,796.6633911132812,462.6046142578125,119.60794067382812,232.10000610351562,68.34095001220703,108.7224349975586
2024-07-30,216.92092895507812,39.43352508544922,170.55186462402344,485.50750732421875,779.3255615234375,460.1014099121094,107.8792953491211,222.6199951171875,67.91886138916016,110.66088104248047
2024-07-31,220.17276000976562,38.50691223144531,171.83204650878906,488.7335205078125,793.19189453125,471.6637268066406,105.8948745727539,232.07000732421875,67.37895202636719,111.05419158935547
2024-08-01,216.48472595214844,37.73313903808594,171.13734436035156,480.1788024902344,820.973876953125,494.4210205078125,106.54074096679688,216.86000061035156,68.50782012939453,109.5184097290039
2024-08-02,217.97183227539062,35.89902114868164,167.11817932128906,451.8742370605469,793.379150390625,484.8851013183594,107.83248901367188,207.6699981689453,67.2022476196289,109.4528579711914
2024-08-05,207.47279357910156,35.0106201171875,159.41726684570312,440.71759033203125,764.5814208984375,472.55780029296875,105.12731170654297,198.8800048828125,66.34823608398438,107.4769287109375
2024-08-06,205.45030212402344,35.2685432434082,159.31802368164062,451.47100830078125,782.254638671875,490.79534912109375,104.04150390625,200.63999938964844,66.4954833984375,106.90570831298828
2024-08-07,208.01806640625,35.63154983520508,159.5264434814453,454.1497497558594,761.5045776367188,485.65985107421875,105.29580688476562,191.75999450683594,65.68074035644531,108.32910919189453
2024-08-08,211.4780731201172,36.50083923339844,162.5928955078125,466.4009704589844,833.6666870117188,506.2317810058594,106.63435363769531,198.83999633789062,66.4169692993164,110.39866638183594
2024-08-09,214.38291931152344,36.56771469116211,164.13111877441406,470.7119140625,879.39794921875,514.3175048828125,107.22406768798828,200.0,66.70162963867188,111.29766082763672
2024-08-12,215.91146850585938,36.46263122558594,162.7020721435547,466.1417541503906,872.198486328125,512.5097045898438,106.22249603271484,197.49000549316406,67.4378433227539,111.43814086914062
2024-08-13,219.62364196777344,36.73965835571289,164.66700744628906,472.324951171875,895.5423583984375,525.015625,107.07428741455078,207.8300018310547,66.8783187866211,110.37057495117188
2024-08-14,220.07029724121094,37.074005126953125,160.7966766357422,478.8154296875,918.846923828125,523.2474975585938,106.31608581542969,201.3800048828125,67.3985824584961,111.39131164550781
2024-08-15,223.0479736328125,37.2841682434082,161.92800903320312,479.1226501464844,920.0320434570312,533.7471313476562,106.06336975097656,214.13999938964844,71.83554077148438,112.0804443359375
2024-08-16,224.36807250976562,37.58030319213867,163.48606872558594,484.1537170410156,910.6893310546875,523.903076171875,106.40033721923828,216.1199951171875,72.30609130859375,111.55178833007812
2024-08-19,224.20925903320312,37.89553451538086,167.11817932128906,484.5570068359375,910.3831787109375,525.750732421875,107.10236358642578,222.72000122070312,72.5718994140625,111.89163208007812
2024-08-20,224.8246307373047,36.95936965942383,167.6739501953125,477.5096435546875,938.194091796875,523.2177124023438,107.77632141113281,221.10000610351562,73.3791275024414,108.1628646850586
2024-08-21,224.71546936035156,37.01668930053711,166.35406494140625,476.66473388671875,940.1692504882812,531.591552734375,108.60940551757812,223.27000427246094,74.06822204589844,107.47374725341797
2024-08-22,222.859375,37.484771728515625,164.2303466796875,477.9033203125,942.342041015625,528.3831176757812,109.09615325927734,210.66000366210938,74.4029312133789,108.30445861816406
2024-08-23,225.15219116210938,37.99106216430664,166.1555633544922,489.10797119140625,940.9297485351562,524.479248046875,109.1429443359375,220.32000732421875,74.52105712890625,109.8053970336914
2024-08-26,225.48965454101562,38.13435745239258,166.6517791748047,487.6197814941406,938.7471313476562,517.64501953125,108.83405303955078,213.2100067138672,74.84591674804688,112.15596008300781
2024-08-27,226.33331298828125,37.89553451538086,165.1135711669922,487.0340881347656,942.6481323242188,515.6385498046875,109.04934692382812,209.2100067138672,74.9443588256836,111.08924865722656
2024-08-28,224.80479431152344,38.16301727294922,163.24789428710938,483.26080322265625,937.1768798828125,513.3341064453125,109.89179229736328,205.75,74.89512634277344,109.99420928955078
2024-08-29,228.0802459716797,38.373172760009766,162.15625,489.7608947753906,928.5452270507812,514.7645263671875,109.94794464111328,206.27999877929688,75.22984313964844,111.51403045654297
2024-08-30,227.29612731933594,38.92722702026367,163.8532257080078,492.80316162109375,948.1194458007812,517.8339233398438,110.8746337890625,214.11000061035156,76.02722930908203,111.33467864990234
2024-09-03,221.11248779296875,38.87946701049805,157.40272521972656,470.79241943359375,944.6727905273438,508.3475341796875,109.12423706054688,210.60000610351562,75.9681625366211,109.00302124023438
2024-09-04,219.20677185058594,38.68840789794922,156.60879516601562,473.8636779785156,934.5794677734375,509.3210754394531,108.39411926269531,219.41000366210938,76.03707885742188,107.67198181152344
2024-09-05,220.7253875732422,38.344512939453125,157.39279174804688,471.19805908203125,901.4354858398438,513.4136352539062,111.00568389892578,230.1699981689453,75.76143646240234,106.83182525634766
2024-09-06,219.177001953125,37.267635345458984,150.9720458984375,463.2108154296875,891.5199584960938,496.93414306640625,110.30364227294922,210.72999572753906,75.44641876220703,106.3315200805664
2024-09-09,219.26629638671875,37.9503059387207,148.5970916748047,471.8644714355469,897.0110473632812,501.42401123046875,108.02906036376953,216.27000427246094,76.13551330566406,108.56877899169922
2024-09-10,218.47225952148438,37.767616271972656,149.06411743164062,451.15753173828125,890.0779418945312,501.42401123046875,107.95417785644531,226.1699981689453,77.58261108398438,104.61344909667969
2024-09-11,221.0032958984375,37.49839782714844,151.19065856933594,455.0594482421875,909.474609375,508.4170837402344,107.37382507324219,228.1300048828125,77.61215209960938,103.57504272460938
2024-09-12,221.11248779296875,37.286861419677734,154.5592803955078,457.8505859375,923.429443359375,522.09521484375,107.8792953491211,229.80999755859375,78.41938781738281,105.00048828125
2024-09-13,220.84449768066406,37.16187286376953,157.3714141845703,462.6120300292969,912.2597045898438,521.1217041015625,108.45027160644531,230.2899932861328,79.34474182128906,104.92495727539062
2024-09-16,214.71047973632812,37.59454345703125,157.98751831054688,468.571044921875,912.091796875,530.2294311523438,111.15470886230469,226.77999877929688,79.30537414550781,106.39759063720703
2024-09-17,215.17697143554688,38.0272216796875,159.26937866210938,468.793212890625,894.9468994140625,533.251953125,111.4656753540039,227.8699951171875,77.37589263916016,107.78526306152344
2024-09-18,219.04795837402344,38.09452438354492,159.79603576660156,468.0108642578125,893.7518920898438,534.8726806640625,111.79547882080078,227.1999969482422,77.7991943359375,108.1628646850586
2024-09-19,227.16708374023438,39.29640197753906,162.21070861816406,486.6026611328125,903.6970825195312,555.9016723632812,110.4668197631836,243.9199981689453,76.8246078491211,109.50332641601562
2024-09-20,226.50205993652344,38.71950149536133,163.6018829345703,481.3873291015625,910.0671997070312,558.1388549804688,110.41028594970703,238.25,77.82872772216797,108.81421661376953
2024-09-23,224.78494262695312,38.33489990234375,162.0417938232422,480.4021911621094,907.1339111328125,561.1812133789062,108.95912170410156,250.0,79.07894897460938,110.78717041015625
2024-09-24,225.67825317382812,37.93107223510742,162.6082000732422,480.99127197265625,912.9707641601562,560.1074829101562,108.32777404785156,254.27000427246094,79.41365051269531,110.49452209472656
2024-09-25,224.68568420410156,37.738773345947266,161.96231079101562,474.34661865234375,913.09912109375,565.05908203125,108.11105346679688,257.0199890136719,80.13228607177734,108.34220886230469
2024-09-26,225.82713317871094,37.998374938964844,162.7969970703125,479.9289855957031,898.0480346679688,564.5917358398438,106.56566619873047,254.22000122070312,78.67533874511719,106.48255157470703
2024-09-27,226.0951385498047,37.882999420166016,164.247802734375,481.464599609375,866.9088745117188,564.1143798828125,107.13105773925781,260.4599914550781,78.53751373291016,109.33340454101562
2024-09-30,231.26637268066406,38.152217864990234,166.13583374023438,478.1808166503906,874.9578857421875,569.1654052734375,107.00855255126953,261.6300048828125,79.4924087524414,110.65501403808594
2024-10-01,224.52688598632812,37.70992660522461,167.35804748535156,473.4097900390625,873.5159301757812,573.1723022460938,108.12046813964844,258.0199890136719,80.00431060791016,113.21322631835938
2024-10-02,225.0926513671875,37.719539642333984,166.2550506591797,475.16748046875,880.0242309570312,569.5333251953125,105.61392974853516,249.02000427246094,79.17739868164062,114.71417999267578
2024-10-03,223.9908905029297,37.738773345947266,166.15570068359375,469.4788818359375,874.5726928710938,579.436279296875,103.82353210449219,240.66000366210938,79.17739868164062,115.7148208618164
2024-10-04,225.1125030517578,38.56565856933594,167.49717712402344,478.2290954589844,876.1626586914062,592.531005859375,103.43719482421875,250.0800018310547,79.67945098876953,117.83880615234375
2024-10-07,220.04052734375,38.42144012451172,163.3534698486328,477.70758056640625,887.2633056640625,581.434814453125,102.32526397705078,240.8300018310547,77.86810302734375,118.34856414794922
2024-10-08,224.09017944335938,38.3925895690918,164.6551971435547,479.5909118652344,902.3935546875,589.4983520507812,102.25930786132812,244.5,78.4686050415039,115.2050552368164
2024-10-09,227.83209228515625,38.642578125,162.03187561035156,487.90655517578125,908.3387451171875,587.1320190429688,103.90834045410156,241.0500030517578,79.14785766601562,115.25224304199219
2024-10-10,227.33583068847656,38.43105697631836,162.1510772705078,486.4964294433594,899.4010620117188,580.4902954101562,103.08854675292969,238.77000427246094,78.37017059326172,116.24343872070312
2024-10-11,225.85691833496094,40.334808349609375,163.482666015625,498.646240234375,920.5061645507812,586.5752563476562,103.39952087402344,217.8000030517578,78.85252380371094,116.68712615966797
2024-10-14,229.57901000976562,40.29636001586914,165.3011016845703,504.87579345703125,917.9877319335938,587.0425415039062,103.36182403564453,219.16000366210938,79.0395736694336,117.13080596923828
2024-10-15,232.11004638671875,40.51749801635742,165.84764099121094,504.5184631347656,901.9983520507812,582.916259765625,105.09565734863281,219.57000732421875,80.37840270996094,113.60971069335938
2024-10-16,230.05543518066406,41.1520881652832,165.6886444091797,511.7425842285156,905.0599365234375,573.490478515625,104.04969787597656,221.3300018310547,79.95508575439453,113.90234375
2024-10-17,230.42266845703125,40.95978927612305,163.47271728515625,510.9120178222656,905.7512817382812,573.6296997070312,103.41835021972656,220.88999938964844,79.63021850585938,113.60971069335938
2024-10-18,233.25148010253906,40.69057083129883,164.00933837890625,510.42919921875,906.5907592773438,573.1723022460938,102.4289321899414,220.6999969482422,80.0436782836914,113.28874969482422
2024-10-21,234.720458984375,40.15212631225586,164.75460815429688,500.09503173828125,894.8975219726562,571.869873046875,100.205078125,218.85000610351562,79.55148315429688,113.35482788085938
2024-10-22,234.10508728027344,40.67133712768555,165.76815795898438,500.57794189453125,897.8800659179688,578.6806640625,100.48777770996094,217.97000122070312,80.74263000488281,113.94010162353516
2024-10-23,229.0430450439453,40.70979309082031,163.44290161132812,499.51556396484375,892.0532836914062,560.4655151367188,100.2427749633789,213.64999389648438,81.9731674194336,113.53418731689453
2024-10-24,228.8544464111328,41.00786209106445,163.49258422851562,506.56591796875,880.2711181640625,564.5321044921875,99.7716293334961,260.4800109863281,81.74674987792969,112.89226531982422
2024-10-25,229.6881866455078,40.27712631225586,165.93710327148438,495.07275390625,881.634033203125,569.9707641601562,97.98124694824219,269.19000244140625,81.2249984741211,112.7978744506836
2024-10-28,231.6633758544922,40.9790153503418,167.278564453125,505.6773681640625,884.4882202148438,574.8526000976562,98.21681213378906,262.510009765625,81.46126556396484,112.24091339111328
2024-10-29,231.93138122558594,40.89247512817383,170.06089782714844,506.35345458984375,892.379150390625,589.88623046875,97.74565887451172,259.5199890136719,80.42760467529297,110.7116470336914
2024-10-30,228.387939453125,40.68095779418945,175.02938842773438,506.4693603515625,836.3326416015625,588.4146728515625,98.78221130371094,257.54998779296875,80.1224365234375,110.1546859741211
2024-10-31,224.2291259765625,40.20981979370117,171.6011505126953,500.0852966308594,819.4544677734375,564.3331909179688,96.4169921875,249.85000610351562,80.6737289428711,110.23963928222656
2024-11-01,221.25144958496094,40.15212631225586,171.56137084960938,501.5919189453125,808.7785034179688,563.9155883789062,96.00238037109375,248.97999572753906,80.90998840332031,108.51213836669922
2024-11-04,220.35812377929688,39.73868942260742,169.60379028320312,493.9814147949219,796.14697265625,557.4725952148438,95.99297332763672,242.83999633789062,81.16593170166016,111.9671630859375
2024-11-05,221.7873992919922,40.267513275146484,170.32920837402344,508.94183349609375,796.0679931640625,569.1554565429688,95.78565979003906,251.44000244140625,82.37679290771484,112.29755401611328
2024-11-06,221.06285095214844,43.66158676147461,177.20558166503906,575.6016845703125,766.7559204101562,568.7776489257812,94.91873168945312,288.5299987792969,82.1405258178711,114.22329711914062
2024-11-07,225.78744506835938,43.04623794555664,181.1306610107422,562.2640380859375,787.564697265625,588.3152465820312,95.3333511352539,296.9100036621094,82.54412078857422,114.36491394042969
2024-11-08,225.51914978027344,43.392372131347656,178.72593688964844,569.1115112304688,821.232177734375,585.9686889648438,96.98238372802734,321.2200012207031,83.50887298583984,114.32714080810547
2024-11-11,222.80648803710938,44.3057975769043,180.8226318359375,581.744384765625,822.1210327148438,579.833984375,94.91873168945312,350.0,82.89852142333984,113.72298431396484
2024-11-12,222.80648803710938,44.09426498413086,182.16412353515625,572.3278198242188,808.7093505859375,581.4744873046875,92.89276123046875,328.489990234375,83.66637420654297,113.60971069335938
2024-11-13,223.69082641601562,44.103885650634766,179.35195922851562,573.9019775390625,801.7467041015625,576.6821899414062,92.8173828125,330.239990234375,84.1684341430664,114.66698455810547
2024-11-14,226.77113342285156,44.132728576660156,176.2317657470703,568.4838256835938,776.4837646484375,573.8583984375,92.68545532226562,311.17999267578125,83.15447998046875,114.74311828613281
2024-11-15,223.57159423828125,44.95000457763672,172.79356384277344,573.2451782226562,738.1705932617188,550.9103393554688,90.75373077392578,320.7200012207031,82.93791198730469,113.55342864990234
2024-11-18,226.57241821289062,44.9211540222168,175.68521118164062,567.885009765625,719.3750610351562,551.2285766601562,90.98929595947266,338.739990234375,82.77055358886719,114.50518798828125
2024-11-19,226.83078002929688,44.62309265136719,178.4477081298828,561.5009765625,721.8778076171875,557.88037109375,90.970458984375,346.0,85.25130462646484,112.90623474121094
2024-11-20,227.5462188720703,44.28657531738281,176.2118682861328,562.0322265625,745.302978515625,562.2850341796875,91.81854248046875,342.0299987792969,85.822265625,114.51470184326172
2024-11-21,227.06924438476562,44.67116928100586,168.17288208007812,575.7273559570312,741.8505249023438,559.8689575195312,94.09891510009766,339.6400146484375,87.01342010498047,116.0470199584961
2024-11-22,228.41064453125,45.19036865234375,165.5197296142578,582.1693725585938,739.961181640625,555.9415283203125,93.4581527709961,352.55999755859375,89.031494140625,115.91376495361328
2024-11-25,231.39161682128906,45.67112731933594,168.36167907714844,582.4108276367188,746.8758544921875,561.8773193359375,95.32392883300781,338.5899963378906,88.10613250732422,114.18158721923828
2024-11-26,233.56771850585938,45.9114990234375,169.54420471191406,584.7963256835938,780.8265991210938,570.259033203125,95.75738525390625,338.2300109863281,89.88795471191406,112.27808380126953
2024-11-27,233.43853759765625,45.93073272705078,169.74293518066406,584.728759765625,779.708740234375,565.9439086914062,97.17086029052734,332.8900146484375,90.4490737915039,111.98304748535156
2024-11-29,235.82330322265625,45.68073654174805,169.41500854492188,587.7613525390625,786.7916259765625,571.03466796875,95.77623748779297,345.1600036621094,91.05941772460938,112.2685775756836
2024-12-02,238.0689697265625,45.22883605957031,171.88929748535156,584.0148315429688,791.1937866210938,589.4387817382812,94.80565643310547,357.0899963378906,91.19722747802734,112.16387176513672
2024-12-03,241.10951232910156,45.01730728149414,171.92904663085938,584.3740234375,804.5781860351562,610.1396484375,95.97411346435547,351.4200134277344,92.05369567871094,111.9925537109375
2024-12-04,241.46725463867188,44.584632873535156,174.9796905517578,581.1030883789062,820.9105834960938,610.2689208984375,95.52180480957031,357.92999267578125,92.97904968261719,108.76612091064453
2024-12-05,241.4970703125,45.19036865234375,173.21092224121094,579.249267578125,816.7359619140625,605.4466552734375,97.5760498046875,369.489990234375,93.81581115722656,109.24199676513672
2024-12-06,241.29832458496094,45.200042724609375,175.37718200683594,582.0445556640625,817.8142700195312,620.2017822265625,97.14257049560547,389.2200012207031,94.2095718383789,108.09038543701172
2024-12-09,245.1835174560547,44.38789749145508,176.18299865722656,576.6480102539062,794.93310546875,610.06005859375,97.80220031738281,389.7900085449219,92.36870574951172,107.45269775390625
2024-12-10,246.19705200195312,44.23320007324219,185.56414794921875,567.8253784179688,790.9761962890625,615.7772216796875,95.17315673828125,400.989990234375,93.0774917602539,107.23380279541016
2024-12-11,244.9251708984375,44.5522575378418,195.6914520263672,575.1339721679688,787.4644775390625,629.060791015625,93.99526977539062,424.7699890136719,93.4811019897461,106.5199966430664
2024-12-12,246.3858184814453,44.5522575378418,192.6273956298828,574.2118530273438,773.9315795898438,627.1815185546875,95.40873718261719,418.1000061035156,92.6246566772461,106.42481994628906
2024-12-13,246.5547637939453,44.15584945678711,190.38905334472656,568.2621459960938,780.628662109375,616.8011474609375,96.11547088623047,436.2300109863281,92.98771667480469,105.4920883178711
2024-12-16,249.44625854492188,43.96248245239258,197.13392639160156,569.0870971679688,770.6176147460938,621.1697387695312,95.0421371459961,463.0199890136719,93.59942626953125,103.2364501953125
2024-12-17,251.87078857421875,43.55640411376953,196.0993194580078,557.7796630859375,770.24169921875,616.393310546875,95.0421371459961,479.8599853515625,94.14205169677734,102.79865264892578
2024-12-18,246.47528076171875,42.057796478271484,189.1654052734375,534.0682373046875,756.4813232421875,594.2527465820312,93.40838623046875,440.1300048828125,92.29711151123047,101.28536224365234
2024-12-19,248.20420837402344,41.941776275634766,188.71774291992188,537.6982421875,749.388427734375,592.6407470703125,94.52920532226562,436.1700134277344,92.14912414550781,100.41925811767578
2024-12-20,252.87437438964844,42.7055778503418,191.96087646484375,549.4520874023438,759.49853515625,582.3714599609375,93.1329345703125,421.05999755859375,91.00464630126953,100.76189422607422
2024-12-23,253.6494140625,42.43486022949219,194.9751739501953,553.9945068359375,787.7117309570312,596.8995971679688,94.38673400878906,430.6000061035156,89.13996124267578,101.17115020751953
2024-12-24,256.5608215332031,42.90861892700195,196.54698181152344,565.6512451171875,787.1082763671875,604.7608032226562,94.46271514892578,462.2799987792969,91.43875122070312,101.26631927490234
2024-12-26,257.3755798339844,43.07298278808594,196.0794219970703,564.1371459960938,785.5946655273438,600.3825073242188,94.8616714477539,454.1300048828125,91.54727172851562,101.35198211669922
2024-12-27,253.96739196777344,42.86994934082031,193.03524780273438,559.2356567382812,774.74267578125,596.85986328125,94.70018005371094,431.6600036621094,90.43241882324219,101.34246826171875
2024-12-30,250.59890747070312,42.45419692993164,191.6922607421875,556.6829833984375,765.5132446289062,588.3319702148438,93.4368896484375,417.4100036621094,89.35700988769531,100.65721130371094
2024-12-31,248.8302001953125,42.49287414550781,189.45391845703125,555.7802734375,763.6929321289062,582.6302490234375,94.49122619628906,403.8399963378906,89.13996124267578,102.37986755371094
2025-01-02,242.3019256591797,42.82160568237305,189.64292907714844,558.0611572265625,769.6975708007812,596.2926025390625,94.19676208496094,379.2799987792969,88.79464721679688,102.13241577148438
2025-01-03,241.8150177001953,43.324363708496094,192.12998962402344,563.0695190429688,773.5656127929688,601.6561889648438,94.16825866699219,410.44000244140625,89.56419372558594,102.6558837890625
2025-01-06,243.44461059570312,43.894798278808594,196.9349822998047,566.233642578125,756.8671875,627.100341796875,94.71917724609375,411.04998779296875,90.20549774169922,102.54166412353516
2025-01-07,240.67233276367188,44.5522575378418,195.6914520263672,563.059814453125,764.9690551757812,614.8510131835938,95.95398712158203,394.3599853515625,89.59379577636719,103.50293731689453
2025-01-08,241.1592254638672,44.67795181274414,194.37828063964844,562.9627685546875,778.7490844726562,607.7161865234375,94.8426513671875,394.94000244140625,90.57054138183594,101.770751953125
2025-01-10,235.3463592529297,43.614418029785156,192.16978454589844,543.531494140625,791.292724609375,612.830810546875,94.27275085449219,394.739990234375,91.75446319580078,101.39956665039062
2025-01-13,232.91189575195312,43.566078186035156,191.2943115234375,546.394775390625,788.898681640625,605.3379516601562,95.91600799560547,403.30999755859375,90.30415344238281,104.01688385009766
2025-01-14,231.79904174804688,44.26220703125,190.0607452392578,554.7224731445312,736.8944091796875,591.3272705078125,94.65269470214844,396.3599853515625,89.5740737915039,104.42613983154297
2025-01-15,236.35987854003906,45.53843688964844,195.9600372314453,588.1010131835938,738.7047729492188,614.0847778320312,95.07061767578125,428.2200012207031,90.11669921875,106.12977600097656
2025-01-16,226.81088256835938,45.093692779541016,193.40335083007812,594.963134765625,749.4478149414062,608.2933349609375,95.65003967285156,413.82000732421875,90.0772476196289,105.94893646240234
2025-01-17,228.51998901367188,44.98733901977539,196.527099609375,607.5322265625,717.910888671875,609.7561645507812,93.00945281982422,426.5,90.70866394042969,106.90068817138672
2025-01-21,221.2265625,45.1130256652832,198.5963134765625,616.073486328125,734.3619995117188,613.427978515625,91.41368865966797,424.07000732421875,91.83340454101562,106.09171295166016
2025-01-22,222.40902709960938,44.27186965942383,198.99424743652344,614.1226196289062,745.8667602539062,620.4332885742188,90.88178253173828,415.1099853515625,91.98139190673828,104.24530792236328
2025-01-23,222.2401123046875,44.85197448730469,198.54660034179688,620.6934814453125,758.35107421875,633.3197631835938,91.78413391113281,412.3800048828125,92.55361938476562,104.83539581298828
2025-01-24,221.3656768798828,44.9776725769043,200.85458374023438,618.1699829101562,776.9585571289062,644.3052978515625,90.75830841064453,406.5799865722656,93.49089813232422,103.41728210449219
2025-01-27,228.40074157714844,45.528770446777344,192.76666259765625,614.6564331054688,799.4736938476562,656.6343994140625,93.02845001220703,397.1499938964844,96.09555053710938,104.85442352294922
2025-01-28,236.7473907470703,45.28705978393555,196.04959106445312,619.0435791015625,796.3280029296875,671.0133666992188,92.56302642822266,398.0899963378906,95.98701477050781,102.82720184326172
2025-01-29,237.84042358398438,45.200042724609375,196.15899658203125,618.6358032226562,795.4277954101562,673.1627807617188,93.35139465332031,389.1000061035156,96.19419860839844,103.42679595947266
2025-01-30,236.08164978027344,45.17103958129883,201.580810546875,626.7112426757812,814.3716430664062,683.6210327148438,93.98779296875,400.2799987792969,97.32880401611328,104.28338623046875
2025-01-31,234.5017547607422,44.76496505737305,204.53543090820312,621.567138671875,802.3524780273438,685.790283203125,93.86431884765625,404.6000061035156,96.84537506103516,101.67558288574219
2025-02-03,226.56246948242188,44.67795181274414,201.5907440185547,613.773193359375,801.7094116210938,694.0296630859375,94.78567504882812,383.67999267578125,98.20687103271484,101.92302703857422
2025-02-04,231.3220672607422,45.1613655090332,206.6344757080078,615.5300903320312,817.1810302734375,700.7265014648438,86.18952178955078,392.2099914550781,99.42040252685547,104.65455627441406
2025-02-05,230.99415588378906,45.5481071472168,192.29910278320312,626.4685668945312,833.1177368164062,701.4031372070312,85.17317199707031,378.1700134277344,101.08777618408203,104.57842254638672
2025-02-06,231.73939514160156,46.157222747802734,192.30906677246094,638.8629760742188,861.0044555664062,708.4881591796875,83.63441467285156,374.32000732421875,101.47254943847656,103.19837951660156
2025-02-07,226.1848907470703,45.828495025634766,186.17100524902344,636.6112670898438,868.8590087890625,711.0057373046875,82.90302276611328,361.6199951171875,99.79531860351562,103.63617706298828
2025-02-10,226.45346069335938,45.12269592285156,187.22552490234375,631.3992309570312,859.530517578125,713.87158203125,82.0671615600586,350.7300109863281,101.54161071777344,105.6158218383789
2025-02-11,231.3973388671875,45.23871994018555,186.1013641357422,628.2058715820312,855.6921997070312,716.2596435546875,82.20014190673828,328.5,101.09764099121094,106.28205871582031
2025-02-12,235.625,44.67795181274414,184.46986389160156,629.9141845703125,863.576416015625,721.8121948242188,81.37377166748047,336.510009765625,102.22236633300781,103.0843734741211
2025-02-13,240.26052856445312,44.79397201538086,186.90716552734375,629.8656005859375,862.4784545898438,724.9766235351562,80.18644714355469,355.94000244140625,103.6430892944336,103.8333740234375
2025-02-14,243.31439208984375,45.40308380126953,185.90237426757812,641.1243896484375,836.624755859375,733.0467529296875,78.84717559814453,355.8399963378906,102.64661407470703,103.93901062011719
2025-02-18,243.18508911132812,44.98733901977539,184.8379364013672,652.4221801757812,849.4376220703125,712.8466186523438,79.11312866210938,354.1099853515625,102.39009094238281,105.76351165771484
2025-02-19,243.58294677734375,44.48457717895508,186.1610565185547,648.5009765625,859.1984252929688,700.30859375,81.30728149414062,360.55999755859375,102.6071548461914,105.91715240478516
2025-02-20,244.5379180908203,43.79811096191406,185.673583984375,623.3723754882812,865.2134399414062,691.4224853515625,83.28297424316406,354.3999938964844,95.9080810546875,107.54959869384766
2025-02-21,244.2593994140625,43.324363708496094,180.63978576660156,607.2022705078125,865.7683715820312,680.18798828125,85.01170349121094,337.79998779296875,93.51062774658203,106.29166412353516
2025-02-24,245.80125427246094,42.985965728759766,180.2518310546875,607.7263793945312,873.41845703125,664.8438720703125,86.69293975830078,330.5299987792969,92.41549682617188,106.8486099243164
2025-02-25,245.74156188964844,42.48320388793945,176.4515838623047,596.82666015625,893.6337280273438,654.2661743164062,86.84490966796875,302.79998779296875,96.38166046142578,105.36979675292969
2025-02-26,239.09666442871094,42.48320388793945,173.79541015625,599.6024780273438,906.7240600585938,670.3865356445312,84.89771270751953,290.79998779296875,94.91161346435547,105.11052703857422
2025-02-27,236.05274963378906,42.65723419189453,169.32867431640625,590.1199340820312,896.9631958007812,655.0025024414062,86.03755187988281,281.95001220703125,95.49371337890625,105.77310943603516
2025-02-28,240.56887817382812,44.57159423828125,171.32823181152344,606.984619140625,912.293212890625,664.9135131835938,87.62379455566406,292.9800109863281,97.28934478759766,106.90621948242188
2025-03-03,236.77890014648438,44.049495697021484,167.7866973876953,590.3734741210938,921.3009033203125,651.8281860351562,88.4786605834961,284.6499938964844,96.28299713134766,103.47808074951172
2025-03-04,234.68997192382812,41.255313873291016,171.71621704101562,566.8466796875,902.8098754882812,636.8522338867188,87.91824340820312,272.0400085449219,93.69808197021484,103.2668228149414
2025-03-05,234.5009765625,40.88791275024414,174.0839080810547,578.4832763671875,921.3009033203125,653.2411499023438,88.51665496826172,279.1000061035156,94.69456481933594,101.25027465820312
2025-03-06,234.09312438964844,40.08543014526367,173.30795288085938,553.7079467773438,904.4945068359375,624.841552734375,89.28604125976562,263.45001220703125,93.37250518798828,103.3436508178711
2025-03-07,237.81344604492188,40.28002166748047,174.83998107910156,545.90478515625,861.70556640625,622.5827026367188,89.90342712402344,262.6700134277344,90.49161529541016,104.68800354003906
2025-03-10,226.28436279296875,38.75249481201172,167.13125610351562,518.5836791992188,822.24609375,595.048828125,90.45435333251953,222.14999389648438,86.64385223388672,107.35755157470703
2025-03-11,219.67926025390625,38.5384407043457,165.3086700439453,518.3592529296875,816.59765625,602.7308959960938,89.97943115234375,230.5800018310547,86.26893615722656,104.82245635986328
2025-03-12,215.8395538330078,38.83032989501953,168.3164520263672,522.5340576171875,814.4176025390625,616.5126342773438,88.66862487792969,248.08999633789062,84.05892181396484,104.79364776611328
2025-03-13,208.57791137695312,38.59681701660156,164.063720703125,511.9021911621094,794.3906860351562,587.7349853515625,89.96043395996094,240.67999267578125,83.3683090209961,104.35192108154297
2025-03-14,212.36790466308594,39.783817291259766,166.94203186035156,528.0938720703125,806.113525390625,605.1494750976562,89.82744598388672,249.97999572753906,84.20692443847656,107.45357513427734
2025-03-17,212.87521362304688,40.31893539428711,165.89630126953125,537.7796630859375,817.2913818359375,602.4603881835938,90.81423950195312,238.00999450683594,86.2886734008789,109.23967742919922
2025-03-18,211.5720977783203,40.52325439453125,162.01206970214844,538.2088623046875,815.061767578125,580.01123046875,90.74717712402344,225.30999755859375,84.44371032714844,109.12443542480469
2025-03-19,214.10870361328125,41.06810760498047,165.6074676513672,543.632080078125,829.4304809570312,581.7044067382812,90.0765380859375,235.86000061035156,85.1738052368164,110.82411193847656
2025-03-20,212.97471618652344,41.33080291748047,164.38246154785156,548.8406982421875,834.9401245117188,583.6365966796875,90.75676727294922,236.25999450683594,84.6607666015625,111.29463195800781
2025-03-21,217.12277221679688,41.32107925415039,165.5775909423828,551.2402954101562,829.9854125976562,593.84521484375,89.2047119140625,248.7100067138672,85.06143951416016,110.9105224609375
2025-03-24,219.56983947753906,41.90483856201172,169.24270629882812,565.832275390625,857.0678100585938,616.35400390625,88.4382553100586,278.3900146484375,86.55530548095703,111.19861602783203
2025-03-25,222.573974609375,42.10915756225586,172.0911407470703,571.5286865234375,844.6314697265625,623.7839965820312,84.18449401855469,288.1400146484375,83.85447692871094,111.95720672607422
2025-03-26,220.36563110351562,41.66160583496094,166.4639892578125,559.8042602539062,819.2732543945312,608.5158081054688,84.41442108154297,272.05999755859375,84.29966735839844,113.57044982910156
2025-03-27,222.67344665527344,41.40863800048828,163.41635131835938,545.1731567382812,814.2294311523438,600.149658203125,83.92581939697266,273.1300048828125,84.71517181396484,113.20555114746094
2025-03-28,216.75469970703125,40.13407897949219,155.4287872314453,529.7619018554688,815.061767578125,574.4139404296875,85.4874496459961,263.54998779296875,84.24031066894531,113.05191802978516
2025-03-31,220.96249389648438,40.60108947753906,155.59811401367188,532.8538208007812,818.430908203125,574.0354614257812,85.9952163696289,259.1600036621094,86.85211181640625,114.20423126220703
2025-04-01,222.01690673828125,40.36758804321289,158.23739624023438,534.960693359375,797.9381713867188,583.6365966796875,83.46595001220703,268.4599914550781,87.88098907470703,114.30986785888672
2025-04-02,222.71322631835938,40.71784210205078,158.21749877929688,549.2503662109375,810.810546875,581.574951171875,82.96774291992188,282.760009765625,88.8010482788086,113.95455932617188
2025-04-03,202.12203979492188,36.21310043334961,152.01268005371094,498.65618896484375,781.9443969726562,529.4758911132812,82.76656341552734,267.2799987792969,86.32776641845703,107.9625244140625
2025-04-04,187.389892578125,33.45965576171875,147.1424560546875,459.2303161621094,731.5250854492188,502.6943664550781,78.05291748046875,239.42999267578125,82.3012466430664,100.19397735595703
2025-04-07,180.5062713623047,34.61746597290039,148.63638305664062,454.0606689453125,717.1762084960938,514.1678466796875,77.77508544921875,233.2899932861328,82.93441772460938,98.84960174560547
2025-04-08,171.51377868652344,34.082340240478516,145.9871368408203,450.85162353515625,719.6635131835938,508.3912658691406,75.63861846923828,221.86000061035156,80.91619873046875,96.76583099365234
2025-04-09,197.80487060546875,36.14499282836914,160.4085693359375,504.157470703125,746.8848266601562,583.4075317382812,78.47447204589844,272.20001220703125,88.64276123046875,101.5959701538086
2025-04-10,189.4191436767578,34.88016128540039,154.74159240722656,477.7532043457031,714.3817138671875,544.0866088867188,74.29735565185547,252.39999389648438,89.64197540283203,95.95921325683594
2025-04-11,197.10850524902344,34.977455139160156,158.7552947998047,482.2791442871094,725.777587890625,541.3777465820312,75.85896301269531,252.30999755859375,91.80858612060547,99.04166412353516
2025-04-14,201.45556640625,35.677978515625,160.81690979003906,491.58447265625,747.5188598632812,529.3363647460938,75.8493881225586,252.35000610351562,93.71795654296875,99.28172302246094
2025-04-15,201.07754516601562,36.96227264404297,158.03819274902344,495.3983154296875,750.3233642578125,519.4166870117188,75.10210418701172,254.11000061035156,92.96607208251953,99.00324249267578
2025-04-16,193.24891662597656,36.320125579833984,154.87106323242188,486.77569580078125,728.2451171875,500.2840881347656,73.2530517578125,241.5500030517578,90.21577453613281,100.04994201660156
2025-04-17,195.9446563720703,36.39795684814453,152.73971557617188,496.9589538574219,832.353759765625,499.4574890136719,74.72846221923828,241.3699951171875,92.22409057617188,102.67145538330078
2025-04-21,192.14476013183594,35.92121505737305,149.25387573242188,489.02886962890625,810.6124267578125,482.70526123046875,74.58476257324219,227.5,91.42273712158203,101.1638412475586
2025-04-22,198.69017028808594,37.28334045410156,153.2775421142578,507.20068359375,820.0462036132812,498.2622985839844,75.65776824951172,237.97000122070312,93.83667755126953,103.99662780761719
2025-04-23,203.52464294433594,37.70170974731445,157.0820770263672,516.2914428710938,821.9091186523438,518.1716918945312,75.43743133544922,250.74000549316406,93.94549560546875,103.10357666015625
2025-04-24,207.27479553222656,38.50925827026367,160.81690979003906,531.9564819335938,851.9447021484375,530.9998168945312,76.49128723144531,259.510009765625,94.81609344482422,104.31350708007812
2025-04-25,208.18002319335938,38.616275787353516,163.1873016357422,531.4589233398438,876.5299682617188,545.0628051757812,79.26964569091797,284.95001220703125,94.07411193847656,104.25588989257812
2025-04-28,209.03549194335938,38.70384216308594,161.76307678222656,532.9611206054688,869.3456420898438,547.5227661132812,79.70077514648438,285.8800048828125,94.20272064208984,104.31350708007812
2025-04-29,210.0998992919922,38.908164978027344,161.40451049804688,535.419189453125,877.1840209960938,552.2039184570312,81.15702819824219,292.0299987792969,95.01396179199219,104.05425262451172
2025-04-30,211.3831024169922,38.8011360168457,160.2392578125,534.0828247070312,890.8095703125,546.7857666015625,81.62647247314453,282.1600036621094,96.2110366821289,101.4327163696289
2025-05-01,212.19879150390625,39.08329391479492,162.13157653808594,540.2083740234375,786.908935546875,569.9022827148438,79.76785278320312,280.5199890136719,96.36933135986328,101.5767593383789
2025-05-02,204.27069091796875,39.958946228027344,165.13934326171875,552.1766357421875,816.1616821289062,594.6121826171875,79.69119262695312,287.2099914550781,97.69501495361328,101.98966979980469
2025-05-05,197.84463500976562,40.007591247558594,165.37838745117188,545.7974243164062,814.0213012695312,596.8531494140625,79.36546325683594,280.260009765625,98.2688217163086,99.16649627685547
2025-05-06,197.4666290283203,39.73516845703125,164.53182983398438,535.8483276367188,768.100830078125,584.9412841796875,75.72484588623047,275.3500061035156,97.49715423583984,100.54927062988281
2025-05-07,195.218505859375,39.82273864746094,152.18199157714844,538.3453979492188,769.6864013671875,594.4029541015625,75.80149841308594,276.2200012207031,97.77416229248047,100.45325469970703
2025-05-08,196.45199584960938,40.474609375,155.12005615234375,551.7864379882812,744.645263671875,595.5982055664062,74.39314270019531,284.82000732421875,96.38910675048828,101.85523986816406
2025-05-09,197.4865264892578,40.65946960449219,153.755615234375,553.1520385742188,727.9180297851562,590.1004028320312,72.78359985351562,298.260009765625,95.91805267333984,103.04595947265625
2025-05-12,209.95704650878906,42.18699264526367,158.9345703125,576.7958374023438,748.7279052734375,636.85107421875,77.0565414428711,318.3800048828125,95.94780731201172,104.82245635986328
2025-05-13,212.0885772705078,43.08211135864258,160.2392578125,588.9591674804688,739.3040771484375,653.3841552734375,73.41592407226562,334.07000732421875,95.08500671386719,105.11052703857422
2025-05-14,211.490966796875,43.529666900634766,166.1353302001953,596.5574340820312,709.0802001953125,656.7007446289062,70.38846588134766,347.67999267578125,96.02713775634766,104.16947174072266
2025-05-15,210.61444091796875,43.17940139770508,164.7310028076172,600.7517700195312,726.649658203125,641.283203125,71.66268157958984,342.82000732421875,95.55110931396484,105.22579956054688
2025-05-16,210.42518615722656,43.48101043701172,166.75279235839844,603.8047485351562,752.0698852539062,637.7575073242188,72.86983489990234,349.9800109863281,97.4254379272461,104.84786224365234
2025-05-19,207.9550018310547,43.55885696411133,167.19105529785156,597.2402954101562,749.8058471679688,637.8471069335938,73.99076080322266,342.0899963378906,97.30644226074219,103.18097686767578
2025-05-20,206.04258728027344,43.48101043701172,164.65135192871094,591.6025390625,741.7628173828125,634.5304565429688,74.69972229003906,343.82000732421875,96.98910522460938,101.70793151855469
2025-05-21,201.29141235351562,42.07997131347656,169.37217712402344,578.8637084960938,719.857666015625,632.9369506835938,73.75125122070312,334.6199951171875,95.63045501708984,100.4577865600586
2025-05-22,200.5643310546875,42.13835144042969,171.28439331054688,583.516357421875,710.1762084960938,634.0026245117188,74.57516479492188,341.0400085449219,95.13459014892578,99.78910064697266
2025-05-23,194.49838256835938,42.03132629394531,168.90406799316406,583.8187866210938,708.6966552734375,624.531005859375,74.32608795166016,339.3399963378906,95.54119873046875,99.84724426269531
2025-05-27,199.4188690185547,43.02373504638672,173.27630615234375,600.5859375,720.1258544921875,639.7294311523438,74.33565521240234,362.8900146484375,96.77091979980469,100.32210540771484
2025-05-28,199.62802124023438,42.86806106567383,172.6787567138672,593.4752807617188,714.3367919921875,640.9844360351562,72.9752197265625,356.8999938964844,96.43373107910156,98.9556655883789
2025-05-29,199.15988159179688,43.04319763183594,172.2604522705078,589.9832153320312,717.4944458007812,642.4484252929688,73.1955795288086,358.42999267578125,96.2948989868164,99.51775360107422
2025-05-30,200.05633544921875,42.9361686706543,172.15089416503906,588.6011962890625,732.4883422851562,644.8785400390625,73.61711883544922,346.4599914550781,97.9014663696289,99.13980865478516
2025-06-02,200.90296936035156,42.887516021728516,169.680908203125,586.9052124023438,741.8720092773438,668.1942138671875,73.0518569946289,342.69000244140625,98.9427490234375,99.86663055419922
2025-06-03,202.46678161621094,43.44209671020508,167.03167724609375,591.9144287109375,745.5062866210938,664.1605224609375,73.90453338623047,344.2699890136719,99.15101623535156,100.59346771240234
2025-06-04,202.0185546875,43.15994644165039,168.70489501953125,587.3855590820312,760.4605712890625,685.1754760742188,74.98714447021484,332.04998779296875,98.52623748779297,99.13980865478516
2025-06-05,199.8372039794922,43.17940139770508,169.1231689453125,593.9239501953125,760.3015747070312,681.8588256835938,74.3644027709961,284.70001220703125,97.14776611328125,98.684326171875
2025-06-06,203.11419677734375,44.01128387451172,174.2125244140625,601.8837890625,764.4721069335938,694.8960571289062,75.65776824951172,295.1400146484375,96.66183471679688,101.04894256591797
2025-06-09,200.65396118164062,43.91341018676758,177.12420654296875,601.4132080078125,768.2752685546875,691.2607421875,76.00267791748047,308.5799865722656,96.6419906616211,101.7273178100586
2025-06-10,201.86915588378906,44.12872314453125,179.49742126464844,602.736572265625,801.52001953125,699.567138671875,77.93795776367188,326.0899963378906,96.51307678222656,103.9078140258789
2025-06-11,197.99452209472656,43.776397705078125,178.28089904785156,611.8530883789062,802.9299926757812,691.3404541015625,76.9511489868164,326.42999267578125,95.00567626953125,105.9332504272461
2025-06-12,198.41285705566406,43.66874313354492,176.46607971191406,612.7745361328125,806.3261108398438,690.5635986328125,78.38824462890625,319.1099853515625,94.04371643066406,106.34027862548828
2025-06-13,195.6737060546875,43.15004348754883,175.3791961669922,601.4328002929688,813.6045532226562,680.1158447265625,78.2828598022461,325.30999755859375,93.6569595336914,108.65644836425781
2025-06-16,197.63592529296875,43.463218688964844,177.43333435058594,615.46044921875,801.9072875976562,699.8262939453125,78.34091186523438,329.1300048828125,93.50819396972656,109.00533294677734
2025-06-17,194.86691284179688,43.287052154541016,176.725341796875,612.3137817382812,785.6820678710938,694.9522705078125,75.74761199951172,316.3500061035156,93.4685287475586,110.47836303710938
2025-06-18,195.80320739746094,44.099365234375,173.48458862304688,622.70458984375,779.5157470703125,693.4970092773438,76.72494506835938,322.04998779296875,94.30155944824219,109.69339752197266
2025-06-20,200.20574951171875,44.52998352050781,167.2523956298828,628.1549072265625,757.372314453125,680.1207885742188,76.50238037109375,322.1600036621094,95.32303619384766,111.15673828125
2025-06-23,200.70376586914062,45.31292724609375,165.5372772216797,634.1149291992188,765.2268676757812,696.2481079101562,77.5667953491211,348.67999267578125,97.05851745605469,108.2881851196289
2025-06-24,199.50851440429688,45.665252685546875,167.2623748779297,649.0443725585938,772.6145629882812,709.8733520507812,77.72161102294922,340.4700012207031,97.18743133544922,104.99321746826172
2025-06-25,200.76353454589844,45.8511962890625,171.00169372558594,656.6512451171875,786.7345581054688,706.3648681640625,77.09264373779297,327.54998779296875,96.45357513427734,105.02228546142578
2025-06-26,200.20574951171875,46.44819641113281,173.9333038330078,673.6000366210938,789.5347900390625,723.718017578125,76.27981567382812,325.7799987792969,95.22384643554688,106.59224700927734
2025-06-27,200.28541564941406,46.11544418334961,177.7623748779297,677.1780395507812,770.0029907226562,731.2333984375,76.54109191894531,323.6300048828125,96.46348571777344,106.00109100341797
2025-06-30,204.3592529296875,46.31118392944336,176.88490295410156,693.7837524414062,774.0543823242188,735.6788330078125,76.5991439819336,317.6600036621094,96.9692611694336,104.46990203857422
2025-07-01,206.99879455566406,47.12348937988281,176.40626525878906,692.5192260742188,770.4498291015625,716.8704833984375,79.16340637207031,300.7099914550781,97.4254379272461,105.86540985107422
2025-07-02,211.6005401611328,47.67154312133789,179.24813842773438,701.7631225585938,773.80615234375,711.2389526367188,79.72464752197266,315.6499938964844,96.8006591796875,107.6195068359375
2025-07-03,212.70614624023438,47.88685607910156,180.035888671875,709.3994140625,775.1863403320312,716.6611328125,78.3118896484375,315.3500061035156,97.54444885253906,108.73396301269531
2025-07-07,209.12037658691406,47.62261199951172,177.0543975830078,696.9010009765625,767.4411010742188,716.0032348632812,78.28285217285156,293.94000244140625,98.52623748779297,107.67765045166016
2025-07-08,209.1801300048828,46.144805908203125,174.6612548828125,683.5203857421875,772.1974487304688,718.315673828125,78.73765563964844,297.80999755859375,96.28497314453125,110.6624984741211
2025-07-09,210.30567932128906,45.84141540527344,177.1541290283203,682.8146362304688,781.3923950195312,730.38623046875,81.00194549560547,295.8800048828125,96.0073013305664,110.28456115722656
2025-07-10,211.57066345214844,45.96864318847656,178.191162109375,695.126708984375,785.09619140625,724.8642578125,81.30192565917969,309.8699951171875,94.0734634399414,111.379638671875
2025-07-11,210.3256072998047,45.73375701904297,180.79371643066406,691.0390625,787.4396362304688,715.1660766601562,80.66326904296875,313.510009765625,93.6172866821289,111.86418914794922
2025-07-14,207.79562377929688,46.06651306152344,182.28945922851562,699.2242431640625,793.7252197265625,718.5648803710938,80.96324157714844,316.8999938964844,94.98583221435547,110.40083312988281
2025-07-15,208.28369140625,45.1661262512207,182.57864379882812,688.647216796875,766.3289794921875,708.0692749023438,78.88280487060547,310.7799987792969,94.59907531738281,109.42204284667969
2025-07-16,209.32955932617188,45.048683166503906,183.24673461914062,694.8326416015625,784.252197265625,700.6136474609375,79.76335906982422,321.6700134277344,94.3610610961914,108.76304626464844
2025-07-17,209.1901092529297,46.017578125,184.174072265625,691.9114990234375,756.1509399414062,699.1185913085938,78.88280487060547,319.4100036621094,94.30155944824219,108.21066284179688
2025-07-18,210.3455047607422,46.31118392944336,185.41055297851562,694.2837524414062,766.2892456054688,701.979248046875,77.37326049804688,329.6499938964844,94.26190185546875,104.44082641601562
2025-07-21,211.640380859375,46.46776580810547,190.60569763183594,692.0682983398438,756.8262329101562,710.640869140625,76.74429321289062,328.489990234375,94.87674713134766,104.71217346191406
2025-07-22,213.5527801513672,46.751590728759766,191.56297302246094,686.5885620117188,770.9860229492188,702.507568359375,78.96988677978516,332.1099853515625,95.05525970458984,105.1870346069336
2025-07-23,213.3037872314453,47.11369705200195,190.96469116210938,703.3609619140625,793.2783813476562,711.2489013671875,81.26322174072266,332.55999755859375,94.88667297363281,106.53408813476562
2025-07-24,212.91531372070312,47.358367919921875,192.64987182617188,704.9882202148438,799.7723388671875,712.46484375,81.3890151977539,305.29998779296875,95.79904174804688,107.3675308227539
2025-07-25,213.03485107421875,47.417091369628906,193.52737426757812,714.5947875976562,806.9813842773438,710.351806640625,81.96959686279297,316.05999755859375,96.66183471679688,106.98957824707031
2025-07-28,213.2041778564453,47.2017822265625,192.86924743652344,709.3699951171875,802.4335327148438,715.28564453125,81.34062194824219,325.5899963378906,96.8006591796875,107.99745178222656
2025-07-29,210.43515014648438,46.92774963378906,195.87066650390625,717.53564453125,757.5908203125,697.7132568359375,79.95687866210938,321.20001220703125,97.51470184326172,109.3929672241211
2025-07-30,208.22393798828125,46.937538146972656,196.87779235839844,716.3298950195312,754.7409057617188,692.9389038085938,79.10536193847656,319.0400085449219,96.78083801269531,108.44324493408203
2025-07-31,206.7498016357422,46.262245178222656,192.3108367919922,709.3112182617188,734.8714599609375,770.913330078125,75.59278869628906,308.2699890136719,97.1676025390625,108.19127655029297
2025-08-01,201.58029174804688,44.68656921386719,189.40911865234375,695.56787109375,756.9751586914062,747.5598754882812,76.72494506835938,302.6300048828125,97.67337036132812,106.25305938720703
2025-08-04,202.5464630126953,44.87251663208008,195.19261169433594,711.7030639648438,763.5982666015625,773.833740234375,77.27650451660156,309.260009765625,98.76424407958984,104.05318450927734
2025-08-05,202.11814880371094,44.58870315551758,194.7638397216797,706.6839599609375,760.5697631835938,760.9659423828125,78.1764144897461,308.7200012207031,98.486572265625,103.92719268798828
2025-08-06,212.4073486328125,44.45168685913086,196.35926818847656,710.4384765625,741.1272583007812,769.4680786132812,76.8700942993164,319.9100036621094,102.50299072265625,103.2197494506836
2025-08-07,219.16053771972656,43.962345123291016,196.71826171875,705.537109375,636.3583984375,759.3412475585938,77.77000427246094,322.2699890136719,102.26498413085938,102.67704772949219
2025-08-08,228.4437255859375,45.02910614013672,201.51455688476562,707.0370483398438,621.2552490234375,766.786865234375,78.07965850830078,329.6499938964844,102.86992645263672,103.50079345703125
2025-08-11,226.53909301757812,45.17591094970703,201.0558624267578,705.0469970703125,630.7579956054688,763.3679809570312,77.44100189208984,339.0299987792969,103.0682601928711,102.56075286865234
2025-08-12,229.00213623046875,46.48734664916992,203.5786590576172,728.7106323242188,634.9384155273438,787.4192504882812,77.7022705078125,340.8399963378906,102.7608413696289,102.85148620605469
2025-08-13,232.6717529296875,46.23289108276367,202.45187377929688,729.9948120117188,655.8505249023438,777.5316772460938,80.0343017578125,339.3800048828125,100.15264129638672,104.27606964111328
2025-08-14,232.12330627441406,46.69286346435547,203.23963928222656,732.4552612304688,679.622314453125,779.5748901367188,80.08268737792969,335.5799865722656,100.0137939453125,104.06287384033203
2025-08-15,230.93666076660156,45.93928146362305,204.32652282714844,716.3004760742188,697.8336791992188,782.664794921875,81.48578643798828,330.55999755859375,99.40247344970703,104.16068267822266
2025-08-18,230.23863220214844,46.89838790893555,203.70828247070312,716.5358276367188,694.6690673828125,764.8631591796875,81.49545288085938,335.1600036621094,100.0982894897461,104.38565826416016
2025-08-19,229.90956115722656,47.05498123168945,201.91343688964844,707.144775390625,699.80419921875,749.0250244140625,82.18248748779297,329.30999755859375,100.68476867675781,105.07034301757812
2025-08-20,225.3723907470703,47.319217681884766,199.61997985839844,706.4585571289062,702.0233154296875,745.2772827148438,81.92122650146484,323.8999938964844,101.95712280273438,106.15606689453125
2025-08-21,224.26551818847656,47.23114013671875,200.04873657226562,701.8218994140625,706.382080078125,736.6854858398438,83.2952880859375,320.1099853515625,97.37467193603516,106.84075927734375
2025-08-22,227.11746215820312,48.425132751464844,206.13137817382812,727.2500610351562,708.2330322265625,752.32421875,84.54354858398438,340.010009765625,96.25141906738281,108.84590911865234
2025-08-25,226.5191650390625,48.425132751464844,208.56442260742188,724.2112426757812,691.9623413085938,750.839111328125,82.55018615722656,346.6000061035156,95.49596405029297,109.29583740234375
2025-08-26,228.6630859375,49.178714752197266,207.3578643798828,734.1707153320312,732.4652099609375,751.636474609375,82.24053955078125,351.6700134277344,95.47608184814453,109.05130767822266
2025-08-27,229.83978271484375,49.30595016479492,207.6171417236328,734.87646484375,730.6141357421875,744.9384765625,81.35030364990234,349.6000061035156,95.50589752197266,110.28375244140625
2025-08-28,231.90391540527344,49.41360092163086,211.76528930664062,736.3958740234375,728.4149169921875,748.65625,80.51812744140625,345.9800109863281,95.53572082519531,110.8706283569336
2025-08-29,231.485107421875,49.65827178955078,212.92198181152344,734.4544677734375,729.0319213867188,736.286865234375,81.398681640625,333.8699951171875,96.40052032470703,111.7900619506836
2025-09-02,229.07192993164062,49.3450927734375,211.38636779785156,720.2630615234375,731.629150390625,732.7085571289062,82.71469116210938,329.3599853515625,97.26531982421875,112.18132019042969
2025-09-03,237.79725646972656,48.992767333984375,230.4419708251953,719.9772338867188,734.2564086914062,734.6422119140625,81.45674896240234,334.0899963378906,98.8458251953125,109.46212768554688
2025-09-04,239.10353088378906,49.54082489013672,231.9975128173828,738.0515747070312,739.3118286132812,746.2042846679688,81.3309555053711,338.5299987792969,100.32691955566406,109.94140625
2025-09-05,239.01380920410156,48.97987747192383,234.50035095214844,727.5164794921875,723.6878662109375,749.9918823242188,81.96959686279297,350.8399963378906,99.90943145751953,106.84075927734375
2025-09-08,237.20892333984375,48.67479705810547,233.70193481445312,731.1036987304688,735.0625,749.8423461914062,81.3696517944336,346.3999938964844,101.66885375976562,107.44718170166016
2025-09-09,233.6888885498047,49.49162292480469,239.47064208984375,752.85400390625,746.9745483398438,763.1985473632812,81.87283325195312,346.9700012207031,101.67879486083984,108.22969055175781
2025-09-10,226.1501922607422,49.334163665771484,239.09136962890625,758.4320678710938,750.965087890625,749.5234375,81.31159973144531,347.7900085449219,99.81002807617188,110.03922271728516
2025-09-11,229.38107299804688,49.94431686401367,240.30899047851562,773.362548828125,752.6171264648438,748.4469604492188,82.39537048339844,368.80999755859375,102.0366439819336,109.68709564208984
2025-09-12,233.40968322753906,49.77701950073242,240.90780639648438,768.76025390625,751.7313842773438,753.1216430664062,80.13106536865234,395.94000244140625,102.87162017822266,109.7066650390625
2025-09-15,236.03224182128906,49.786861419677734,251.2675018310547,775.3631591796875,744.5662841796875,762.2018432617188,79.17340087890625,410.0400085449219,103.0704345703125,109.89250183105469
2025-09-16,237.4781494140625,49.855751037597656,250.9281768798828,774.1510009765625,761.0062866210938,776.4552001953125,79.2417984008789,421.6199951171875,102.80204010009766,112.17153930664062
2025-09-17,238.3157958984375,50.58400344848633,249.3612518310547,782.715087890625,756.4484252929688,773.1858520507812,79.2906723022461,425.8599853515625,103.64695739746094,112.76819610595703
2025-09-18,237.20892333984375,51.30241394042969,251.83639526367188,792.658935546875,759.23486328125,777.7010498046875,79.6717758178711,416.8500061035156,102.98096466064453,111.43794250488281
2025-09-19,244.8074188232422,51.42050552368164,254.74070739746094,793.3389282226562,748.347900390625,775.8372192382812,79.65223693847656,426.07000732421875,101.71855926513672,110.35222625732422
2025-09-22,255.35755920410156,51.09574508666992,252.38531494140625,793.8908081054688,751.2935791015625,763.1751098632812,78.56753540039062,434.2099914550781,102.20562744140625,109.56971740722656
2025-09-23,253.7122344970703,50.87923812866211,251.8463592529297,794.6398315429688,743.3621215820312,753.4404907226562,78.13755798339844,425.8500061035156,101.90741729736328,111.45750427246094
2025-09-24,251.59820556640625,50.87923812866211,247.34519958496094,780.9511108398438,738.2569580078125,758.686767578125,77.85417175292969,442.7900085449219,102.11617279052734,112.05415344238281
2025-09-25,256.14532470703125,51.026851654052734,246.08767700195312,783.247314453125,711.1290893554688,746.9672241210938,75.83134460449219,423.3900146484375,102.43425750732422,113.06163024902344
2025-09-26,254.7393341064453,51.381141662597656,246.69647216796875,790.885009765625,721.03076171875,741.8206176757812,76.76946258544922,440.3999938964844,102.5436019897461,114.6559829711914
2025-09-29,253.7122344970703,51.58780288696289,243.88198852539062,792.4717407226562,722.9912719726562,741.4716186523438,76.78901672363281,443.2099914550781,102.46408081054688,111.72160339355469
2025-09-30,253.9116668701172,50.7709846496582,243.07357788085938,784.814208984375,759.3045043945312,732.4749145507812,82.01707458496094,444.7200012207031,102.4441909790039,110.28375244140625
2025-10-01,254.72933959960938,49.875431060791016,245.05966186523438,774.1312866210938,821.4221801757812,715.4791870117188,88.07576751708984,459.4599914550781,101.35076141357422,109.54037475585938
2025-10-02,256.40460205078125,49.67860412597656,245.9479217529297,768.090087890625,815.879150390625,725.1639404296875,87.46990203857422,436.0,101.09232330322266,108.8556900024414
2025-10-03,257.2920837402344,49.83606719970703,245.96788024902344,778.5365600585938,835.80224609375,708.7167358398438,87.15718841552734,429.8299865722656,101.46011352539062,110.78260803222656
2025-10-06,255.9658660888672,49.59003448486328,251.0179901123047,785.238037109375,840.9570922851562,713.8035278320312,86.77608489990234,453.25,102.08634185791016,111.70204162597656
2025-10-07,255.75645446777344,49.49162292480469,246.64657592773438,778.2113037109375,839.5440063476562,711.230224609375,85.61320495605469,433.0899963378906,102.62311553955078,111.76072692871094
2025-10-08,257.33197021484375,49.048763275146484,244.97982788085938,765.2616577148438,841.6238403320312,715.9779052734375,84.43077850341797,438.69000244140625,102.28514862060547,111.52597045898438
2025-10-09,253.32330322265625,48.99956130981445,241.7362060546875,768.6616821289062,851.2072143554688,731.6072387695312,85.50570678710938,435.5400085449219,101.16189575195312,110.44026184082031
2025-10-10,244.57806396484375,47.877662658691406,237.0254364013672,753.28759765625,829.453125,703.4703979492188,84.03012084960938,413.489990234375,101.23147583007812,108.30793762207031
2025-10-13,246.96133422851562,48.08432388305664,244.16143798828125,775.3829345703125,815.4314575195312,713.8433837890625,83.74674224853516,435.8999938964844,101.50981140136719,109.78490447998047
2025-10-14,247.07101440429688,49.2947998046875,245.70840454101562,759.594970703125,808.41552734375,706.811767578125,82.76951599121094,429.239990234375,106.56939697265625,109.83381652832031
2025-10-15,248.63658142089844,51.45003128051758,251.2176055908203,756.805908203125,822.5667114257812,715.6885986328125,82.19297790527344,435.1499938964844,108.3785171508789,109.16868591308594
2025-10-16,246.7519073486328,49.63924026489258,251.38726806640625,747.1084594726562,815.4114379882812,710.2228393554688,82.0073013305664,428.75,105.83382415771484,108.21991729736328
2025-10-17,251.5782470703125,50.465904235839844,253.2935333251953,739.89453125,798.941650390625,715.0602416992188,82.85748291015625,439.30999755859375,107.08628845214844,109.78490447998047
2025-10-20,261.50018310546875,51.21384048461914,256.5172119140625,752.2626953125,805.0419921875,730.2706909179688,84.35260772705078,447.42999267578125,106.41034698486328,110.2348403930664
2025-10-21,262.0286865234375,50.70209884643555,250.84832763671875,747.985595703125,795.6973876953125,731.3678588867188,85.62297821044922,442.6000061035156,105.58531188964844,110.24462890625
2025-10-22,257.7209167480469,50.28876495361328,252.03599548339844,733.8138427734375,808.4951171875,731.5074462890625,85.61320495605469,438.9700012207031,106.49980926513672,112.20088195800781
2025-10-23,258.8476867675781,50.93828201293945,253.233642578125,739.9043579101562,817.0634155273438,732.095947265625,85.19300079345703,448.9800109863281,106.22148895263672,113.44310760498047
2025-10-24,262.07855224609375,51.73542404174805,260.0003967285156,772.52490234375,821.4520263671875,736.444580078125,85.49594116210938,433.7200012207031,105.53560638427734,112.86600494384766
2025-10-27,268.0516357421875,52.17828369140625,269.4019470214844,778.54638671875,822.4073486328125,748.872314453125,85.99431610107422,452.4200134277344,103.84577178955078,113.40398406982422
2025-10-28,268.2410888671875,52.030662536621094,267.9048767089844,780.6160278320312,816.1279296875,749.49072265625,85.04642486572266,460.54998779296875,102.55353546142578,112.51387786865234
2025-10-29,268.93914794921875,51.74527359008789,274.6317443847656,771.7167358398438,809.58984375,749.7201538085938,84.60668182373047,461.510009765625,101.8477783203125,113.90281677246094
2025-10-30,270.63433837890625,52.18811798095703,281.3485412597656,778.7138671875,840.4097900390625,664.7410888671875,84.31352233886719,440.1000061035156,101.61915588378906,112.18132019042969
2025-10-31,269.60723876953125,52.60145568847656,281.26873779296875,777.9353637695312,858.6808471679688,646.6680908203125,84.02035522460938,456.55999755859375,100.57542419433594,111.85853576660156
2025-11-03,268.2909851074219,52.70970916748047,283.564208984375,774.14111328125,892.1878662109375,636.0557861328125,80.60989379882812,468.3699951171875,100.98297119140625,111.27166748046875
2025-11-04,269.2781982421875,52.69002914428711,277.51605224609375,779.3742065429688,902.4677734375,625.6926879882812,81.94867706298828,444.260009765625,101.6589126586914,111.64334869384766
2025-11-05,269.3778991699219,51.617332458496094,284.1929626464844,781.6015014648438,921.3259887695312,634.30029296875,82.46659088134766,462.07000732421875,100.86369323730469,111.19341278076172
2025-11-06,269.0089416503906,52.44399642944336,284.7818298339844,776.1713256835938,932.899658203125,617.3344116210938,83.82491302490234,445.9100036621094,101.07244110107422,111.9954833984375
2025-11-07,267.7126159667969,52.35542678833008,279.1528625488281,774.9492797851562,919.8930053710938,620.0972290039062,84.31352233886719,429.5199890136719,101.97698974609375,114.6559829711914
2025-11-10,268.9303283691406,52.57193374633789,290.0215759277344,785.6519165039062,961.958251953125,630.1211547851562,84.7728042602539,445.2300109863281,101.80802154541016,115.63410949707031
2025-11-11,274.73956298828125,52.77859878540039,291.1692810058594,798.572021484375,983.831787109375,625.453369140625,88.8770751953125,439.6199951171875,102.82192993164062,117.15998077392578
2025-11-12,272.962890625,53.250980377197266,286.8677062988281,826.81689453125,1012.8505859375,607.43017578125,89.36567687988281,430.6000061035156,102.82192993164062,115.53630065917969
2025-11-13,272.4438171386719,52.030662536621094,278.573974609375,793.8316650390625,1017.9158935546875,608.3079223632812,90.81195068359375,401.989990234375,101.92730712890625,116.19164276123047
2025-11-14,271.90484619140625,51.7747917175293,276.43817138671875,779.4530639648438,1021.8126831054688,607.8790283203125,90.80217742919922,404.3500061035156,101.86766815185547,117.70126342773438
2025-11-17,266.9639892578125,50.66273498535156,285.04132080078125,764.325439453125,1018.2448120117188,600.4483032226562,90.74354553222656,408.9200134277344,102.33484649658203,116.11270141601562
2025-11-18,266.94403076171875,50.8201904296875,284.4025573730469,765.0546264648438,1026.5665283203125,596.1395874023438,94.232177734375,401.25,100.78417205810547,117.4447250366211
2025-11-19,268.0619812011719,51.19416046142578,292.41680908203125,774.6043090820312,1046.0504150390625,588.7886352539062,92.88363647460938,403.989990234375,100.00883483886719,115.78709411621094
2025-11-20,265.7562561035156,50.19034957885742,289.41278076171875,762.4923095703125,1039.76171875,587.6217651367188,92.80545043945312,395.2300109863281,106.4699935913086,115.46148681640625
2025-11-21,270.98651123046875,50.74146270751953,299.0638122558594,762.817626953125,1056.1162109375,592.70849609375,95.53186798095703,391.0899963378906,104.69068908691406,115.52069091796875
2025-11-24,275.4083557128906,51.10558319091797,317.8470153808594,779.2559814453125,1066.5408935546875,611.459716796875,98.11170196533203,417.7799987792969,103.4382095336914,114.42547607421875
2025-11-25,276.45635986328125,51.646854400634766,323.00689697265625,790.69775390625,1106.186279296875,634.569580078125,103.25182342529297,419.3999938964844,106.36064910888672,112.98491668701172
2025-11-26,277.0353088378906,52.14875793457031,319.6534729003906,804.1895141601562,1100.605224609375,631.9664306640625,102.24527740478516,426.5799865722656,108.44810485839844,113.241455078125
2025-11-28,278.3328857421875,52.798282623291016,319.4937744140625,814.0741577148438,1071.8328857421875,646.2691650390625,102.44072723388672,430.1700134277344,109.84967803955078,114.37614440917969
2025-12-01,282.57501220703125,52.39479064941406,314.5035400390625,799.1140747070312,1054.3123779296875,639.2075805664062,99.50909423828125,430.1400146484375,110.86358642578125,115.0766830444336
2025-12-02,285.6592712402344,52.345584869384766,315.40179443359375,807.3839721679688,1042.582275390625,645.4213256835938,98.72733306884766,429.239990234375,111.73832702636719,113.84333038330078
2025-12-03,283.623046875,53.231292724609375,319.9927978515625,828.5388793945312,1030.064697265625,637.9408569335938,99.93907165527344,446.739990234375,113.72637939453125,116.2311019897461
2025-12-04,280.179443359375,53.30018615722656,317.7671813964844,829.7867431640625,1011.0591430664062,659.81396484375,98.59052276611328,454.5299987792969,114.15380096435547,115.57989501953125
2025-12-05,278.26300048828125,53.36943435668945,321.45989990234375,846.3561401367188,1006.893310546875,671.673095703125,97.44719696044922,455.0,114.42218780517578,114.98788452148438
2025-12-08,277.3746643066406,53.319969177246094,314.0396728515625,858.3696899414062,994.21630859375,665.0702514648438,96.6751937866211,439.5799865722656,112.8814468383789,114.43534851074219
2025-12-09,276.6659851074219,52.963844299316406,317.3352966308594,868.164794921875,978.8982543945312,655.2557983398438,94.68169403076172,445.1700134277344,114.37248992919922,116.67510986328125
2025-12-10,278.26300048828125,53.4980354309082,320.5810852050781,880.7032470703125,990.2796630859375,648.4434814453125,95.39505767822266,451.45001220703125,112.50372314453125,117.94792938232422
2025-12-11,277.514404296875,53.972869873046875,313.2906188964844,902.2840576171875,1005.9664306640625,651.016845703125,96.75337982177734,446.8900146484375,114.8297348022461,117.94792938232422
2025-12-12,277.763916015625,54.54662322998047,310.11474609375,879.435546875,1024.03515625,642.558837890625,98.01397705078125,458.9599914550781,116.23915100097656,117.23751831054688
2025-12-15,273.6016540527344,54.734580993652344,308.9163513183594,881.0499267578125,1058.5977783203125,646.3570556640625,98.8122787475586,475.30999755859375,116.32879638671875,116.19164276123047
2025-12-16,274.1007385253906,54.220176696777344,307.3283996582031,870.7100830078125,1050.724609375,655.9799194335938,96.85101318359375,489.8800048828125,114.9642105102539,113.15265655517578
2025-12-17,271.33587646484375,53.962974548339844,297.6710205078125,863.95556640625,1038.266845703125,648.343505859375,97.74787139892578,467.260009765625,115.2032699584961,115.84630584716797
2025-12-18,271.68524169921875,53.67609405517578,303.35357666015625,867.887451171875,1053.3057861328125,663.266845703125,99.23606872558594,483.3699951171875,114.37654113769531,114.98788452148438
2025-12-19,273.1625061035156,54.675228118896484,308.2072448730469,884.9024658203125,1067.8165283203125,657.5969848632812,99.63029479980469,481.20001220703125,113.90840148925781,115.1358871459961
2025-12-22,270.4674987792969,55.278663635253906,310.9236755371094,890.3695678710938,1072.8394775390625,660.3221435546875,103.20787811279297,488.7300109863281,112.15534210205078,116.5764389038086
2025-12-23,271.85491943359375,55.36769485473633,315.26800537109375,893.0535278320312,1068.015869140625,663.7559814453125,103.52326202392578,485.55999755859375,110.4620590209961,117.82952117919922
2025-12-24,273.3022155761719,55.64468002319336,315.2580261230469,902.0364379882812,1073.3377685546875,666.361328125,104.91289520263672,485.3999938964844,111.16925811767578,117.63219451904297
2025-12-26,272.89300537109375,55.56553649902344,314.5489501953125,898.3323364257812,1074.105224609375,662.1089477539062,105.23812866210938,475.19000244140625,111.29874420166016,117.5236587524414
2025-12-29,273.2523498535156,54.754364013671875,313.979736328125,883.614990234375,1075.081787109375,657.5171508789062,105.0804443359375,459.6400146484375,112.08562469482422,118.92474365234375
2025-12-30,272.57354736328125,54.68511962890625,314.1394958496094,875.929443359375,1076.0985107421875,664.7642211914062,104.52852630615234,454.42999267578125,111.47803497314453,119.37861633300781
