Date,AAPL,BAC,GOOG,GS,LLY,META,MRK,TSLA,WMT,XOM
2023-09-05,0.0012668290363120338,-0.011387092616005012,-0.000658041906737239,-0.011148617289415963,0.0019384933200825571,0.012720368263500648,-0.02121275352355545,0.046855214011356505,-0.008046110283442043,8.820822564925557e-05
2023-09-06,-0.03579344744289581,-0.009074960557806988,-0.009801687263909398,-0.008092463404549055,0.003153124785785666,-0.003265126441339361,-0.009487394725791853,-0.017817428513501543,0.007487242399987215,0.008632075193643063
2023-09-07,-0.029249182148989306,-0.009158213328163911,0.0061314016688964745,0.002584383231648779,0.02371627008994648,-0.0016712518644784735,0.013616346436351456,-0.0017068620153485314,0.012386389506680917,-0.004890525330406681
2023-09-08,0.0034915443918341893,0.008176338382035242,0.007342116190404369,0.011057346813603042,0.023080009694500525,-0.0026117276860039285,0.01028351431355179,-0.01188916230408743,0.001835024785087347,0.014567856189799055
2023-09-11,0.006622403417755107,0.004231350242916099,0.003935955261536561,-0.002672613210279784,0.015516673990289442,0.03246183504704181,-0.004126600335250807,0.10092549928477124,0.003480592566927676,-0.012542111064817507
2023-09-12,-0.01706051951652343,0.017204913889513396,-0.012124333848381075,0.019251577136971898,0.006279629517424112,-0.019183523856311613,0.0038674684897979095,-0.022296863386701782,0.0010951145916437977,0.029169533666454805
2023-09-13,-0.01185462052979036,-0.003106514706586183,0.01050924656902752,0.01233011649252913,-0.0007006494996985024,0.011271137273191512,-0.011098941163377063,0.014281354305895722,0.0002434188292737005,-0.008936728398687754
2023-09-14,0.008782384354909967,0.011080268062688248,0.010836337549647634,0.02862850147003071,-0.012139427796838964,0.021831859482331017,0.010833098931313012,0.017471511114000693,0.004192815830129648,0.017863137906476423
2023-09-15,-0.004153726022018245,-0.012328739955681622,-0.004964536886323034,-0.005891545767512718,-0.026960136571131166,-0.036603438992391935,-0.006652169706574784,-0.005977372284481253,-0.003691335532225559,-0.015356090374667675
2023-09-18,0.016913321292183703,-0.0027739267711048843,0.004772152666589813,0.0022772574445939497,-0.007608837798958823,0.007459024417997284,0.0027902602702092327,-0.033200974462619715,-0.0074101670744066706,0.008054736596722956
2023-09-19,0.006180735013271654,-0.0038248032242752528,-0.0009353859242363649,-0.004165312716214342,0.006441861141354144,0.008329147018460326,-0.0042664379228579685,0.004598918977371191,-0.00024469680594962906,-0.002635133150774349
2023-09-20,-0.01999204066783833,-0.0034903858698054346,-0.03054082528962132,-0.015180126177213316,-0.009252831777939008,-0.0177008698611123,-0.00046572353006979483,-0.014671683535119606,0.0032440718976043392,-0.007926143675747399
2023-09-21,-0.008889670769957392,-0.017513128096683817,-0.023998779422611527,-0.019186399830435685,-0.03424987365891963,-0.013147791897889727,-0.005404708772066225,-0.026238620989897266,-0.012140757745735198,-0.014089534750264088
2023-09-22,0.004944624610794479,-0.014616755870975329,-0.0008377500066795163,-0.00711621242887106,0.0007452907295446565,0.011327773824281184,-0.003654178843109701,-0.042315182614647506,0.0026555497642895,0.0015685510686274107
2023-09-25,0.007380266589532614,-0.0014472157971604505,0.00700973901951607,0.002897484156719754,0.00317863135210672,0.005851400008646479,-0.0047019064761415486,0.008616467528091087,0.004434804620110144,0.011223289583171203
2023-09-26,-0.023398374450337767,-0.015579545038128195,-0.02057955617339513,-0.015265764628078382,-0.004128128455596736,-0.006216263843682235,-0.004251628431091503,-0.011619945391094011,-0.0034953886490255437,0.001548712915782069
2023-09-27,-0.00889756669490882,0.0036804380141515214,0.015527336910164946,-0.005774654807132129,-0.00045439845144812363,-0.004080818515664997,-0.013758440415671092,-0.014828753029631048,-0.0048001242446514825,0.03255718962467835
2023-09-28,0.0015256913254819704,0.010634505850021236,0.012703411729274361,0.010094478347069114,-0.009658744067896685,0.020890639247853393,0.003463685515874282,0.02444908475181906,0.005070545628973022,-0.006073344194912678
2023-09-29,0.00304637217195336,-0.006531263276166044,-0.009614552995898973,-0.005012024866033138,-0.013444796217986887,-0.01233701880446103,-0.012943687964963924,0.015585665483353939,-0.016057511933025848,-0.01581978099662895
2023-10-02,0.014835697513247537,-0.024835548155809017,0.025180014859777833,-0.015669126300258296,0.002159559775986697,0.022018026495219445,-0.003885225752153998,0.005515166158101437,0.0010628395504204136,-0.01658440346640233
2023-10-03,-0.007769940052204549,-0.029588113891483747,-0.013834401482004322,-0.03886964122134762,-0.024336083986322032,-0.019164372782916272,-0.00760616977389772,-0.020151062008054166,-0.006308523081601236,0.0017295847397769126
2023-10-04,0.007308523330172845,0.0011578252245825205,0.022280474848722864,0.008101491430447805,0.011938400242994751,0.015418461869277644,0.0039306006036121666,0.05934371052307452,0.01200595228264767,-0.03738218874356325
2023-10-05,0.007198016868363855,0.004626023471041796,-0.0020546645369577954,0.0061567778371989235,0.01885366000991784,-0.0025853106160740325,0.01399625057288345,-0.00425032873937603,-0.011925576545690375,-0.022511281111916803
2023-10-06,0.0147506728763791,0.0003837203060810257,0.020148508928386377,0.006376654590817932,0.043842476489568405,0.03490923312530847,0.0027026582544031896,0.001845841218459432,-0.01678404422616686,-0.016698891803747284
2023-10-09,0.008451107632680088,0.009205989559990524,0.005550272681376089,0.00041614081914387313,0.01157095987264789,0.009288862402759834,0.005968401507213894,-0.003300907210654902,-0.003644223783272005,0.03499118146511404
2023-10-10,-0.003352113977054927,0.02660588890193516,-0.0021504306102674287,0.0069094263270279566,0.013204792899118578,0.010931121393167986,-0.008516774510550884,0.015211543440507347,0.011293520004759916,-0.004237233169625099
2023-10-11,0.007903919521208724,0.0003702240232812404,0.017959759072410764,-0.005559649440579517,0.04482936937740001,0.018580674709393286,-0.0014477388185478723,-0.002389822071472425,0.003997531446582103,-0.03585334044980237
2023-10-12,0.005061293872417494,-0.004441044098161151,-0.009950690314950439,-0.010127192030268906,0.008624048039750809,-0.01116467527432985,0.0012564778982879776,-0.015665976919941982,0.004550278646766159,-0.0001878270033957019
2023-10-13,-0.01029281707156593,-0.005204558186003849,-0.012188913121049083,-0.0017748869528624311,-0.0021293226707539414,-0.0292140002539506,0.004054660127263299,-0.02993780718577166,0.005536350749501429,0.03193391773093146
2023-10-16,-0.0007269319205015501,0.008594932224659901,0.013782675816313539,0.01645650077864169,0.012212692981424134,0.020528082721996466,0.0012496736776723694,0.01115006015531006,0.008634386901031244,0.0007280427573221893
2023-10-17,-0.008784689259968226,0.023341925409856357,0.0035589040753676304,-0.015999321695929547,-0.013508861390923665,0.008874469352707415,0.0002882657177840642,0.0036626021631882555,0.001302524889904344,0.013096833499627092
2023-10-18,-0.007394902628548583,-0.011223766969591042,-0.012128504699171927,-0.023920104550227084,-0.0017589706942882088,-0.02169774425402582,-0.020927469406923027,-0.04775363208267347,0.0007434777093178191,0.014004986503366679
2023-10-19,-0.002160920235144914,-0.012815723731156137,-0.002153937630967051,-0.009173410292748319,-0.027073257670942485,-0.013124054492322124,-0.015295460125679061,-0.09300310180733784,-0.004766727563303985,0.0006197587962162299
2023-10-20,-0.014704080911061346,-0.02410987122957331,-0.016117354302570552,0.0028741725562695386,-0.010426740121734945,-0.013298881106355465,0.022303889480410177,-0.036890623300491754,-0.012502465132889218,-0.017165153202404526
2023-10-23,0.0006940277149889429,-0.02812618555198909,0.008482986857927699,-0.002765841340043651,-0.013666157915270039,0.017366093741537414,0.006623284781412719,0.0004245310418349302,0.014172402535743034,-0.01467418690096245
2023-10-24,0.002543301096749939,-0.003910895194835007,0.0160989164506411,-0.00013390118721745559,0.027364682503846716,-0.004649746909531571,-0.0030962468601868354,0.02093550737020089,0.01391237229502984,-0.009684693154104917
2023-10-25,-0.013491761008945224,0.0031409522434036052,-0.09598924489022431,-0.008088975255024167,-0.010076904488529825,-0.04165719853951,0.005823393002877486,-0.018935922882932887,-0.0030016310858990147,0.0018451908921290894
2023-10-26,-0.02460554234287282,0.022309362203493333,-0.02549947936499608,0.00077505631576269,-0.03130663121340094,-0.03732532995585924,0.01852744899786618,-0.031352997455599385,-0.006082577288169189,-0.009116903360516182
2023-10-27,0.007969516663572707,-0.03637054739082535,-0.0003239780817230198,-0.023839012841824103,-0.013853219870993527,0.029062072941578476,-0.02586451063591222,0.00748448962886572,-0.0037090544453008967,-0.01905206830902384
2023-10-30,0.012305254901586071,0.02065940319079962,0.019043747847398595,0.03766678224501541,0.00978163865185988,0.019984526809734948,-0.0013615401602614652,-0.04794984223383958,0.011478765880430064,0.0031264684546323807
2023-10-31,0.002818787744330198,0.02530167819035145,-0.003578473169683405,0.009241112167018173,-0.020823299994512046,-0.0045927111866979065,0.00019482874173171183,0.017632730628176496,0.0023921894029457214,-0.00028332419074239557
2023-11-01,0.018738463375969072,0.0022779249601585505,0.018116576095252412,0.011692493078515831,0.0009569523090686705,0.03511815458654621,0.001460566761083859,0.023999240251476817,0.00893464724950177,-0.001983752371813363
2023-11-02,0.020693404559061213,0.04621204964932479,0.007917116674241553,0.021487389449777128,0.04658572889718493,-0.0031427240976502624,0.0,0.06248172039245192,0.003942459303369228,0.032847219934571736
2023-11-03,-0.005181330017124286,0.02896453610637284,0.013921331597823494,0.04417373703507099,-0.021506715970402768,0.011998619120467735,0.0051530942282742576,0.006635907937775798,-0.005195799341479623,-0.012189303482720515
2023-11-06,0.014605117748021534,-0.0031667768608679703,0.008284079701442515,-0.01132388003463869,0.048220894321993724,0.003814240293615656,0.009286045510997099,-0.0031369449915676917,0.001336198257647192,-0.01772134882250931
2023-11-07,0.014451003098127524,-0.00600084443106641,0.007227074166772818,0.00012349412595979992,0.007963467272451341,0.009563220147764895,-0.0032584392277625884,0.013271256198382764,0.004670024499531689,-0.015679750587996533
2023-11-08,0.005884904968477267,-0.00958797555917068,0.006495424090689372,0.0018828524221954357,0.032003964068679336,0.0030110607695852387,0.0038460791561720775,-0.00031502415940676265,-0.008149721988651382,-0.012282889447171597
2023-11-09,-0.002624590533461424,-0.012907750748011537,-0.011781333025297491,-0.011646624552667517,-0.04491790956284758,0.0024078363129558245,-0.0193485752770991,-0.054612601186257326,-0.0023128857633214484,0.0002915255939883732
2023-11-10,0.0232200291620539,0.005448539591256907,0.01799670812736731,0.014745572750159752,0.010806238736596585,0.025643406936669777,-0.009669967840647442,0.022240205086035525,0.013848246460922198,0.007672842900581012
2023-11-13,-0.008583694540217568,0.0007226726955691376,-0.0031328615056819276,0.004300849177823363,0.02509571989490511,0.001277418210634984,0.01065198639225251,0.04220830689495392,0.00896575975181002,0.010506069055156164
2023-11-14,0.014285837155652015,0.05487352422849123,0.013394286156596102,0.03612614688466498,-0.0012425835420891707,0.02162901974610487,-0.0029276091754085742,0.06123998273248876,-0.00017903574355870866,0.003850211277680815
2023-11-15,0.0030407743679556898,0.013689261816858478,0.007014571085245613,-0.003306551496364274,-0.03647555413173087,-0.010704418435495078,-0.0080259801491539,0.022871793909364557,0.012705029296349979,-0.006040786556543387
2023-11-16,0.009042220338437712,-0.0027008793192349057,0.01701155097370277,-0.0027547109856831398,0.0003568629697900949,0.004448274764474736,0.006314776585410353,-0.038090924639652135,-0.08092835337608595,-0.011576341719277017
2023-11-17,-0.0001055013804656113,0.01489496248889588,-0.012689332541507836,0.007484969160052257,0.005027631191861115,0.0025436165008967393,-0.0023531101007959743,0.0030395424675642158,-0.004421825979605609,0.024399650681137697
2023-11-20,0.009278348921986757,0.0010007782999923442,0.007156196103289325,0.000766550962907786,0.009954058916215258,0.014714571007942379,0.009140012822499433,0.005548455120893081,-0.0003217980524961028,-0.004382609354952938
2023-11-21,-0.004230949844250209,-0.011662827979453505,0.0050754883322921,-0.013197667445065009,-0.008366798587870816,-0.008794855023846915,-0.004577301763576513,0.023769060694616817,0.0036059356447080138,-0.0003828291982068688
2023-11-22,0.0035145863956147494,-0.0010114380776736764,0.01009960462861259,0.010956085996628895,0.004201981408666233,0.013383655346345336,-0.0051853610660039795,-0.028980059381488954,-0.007635138327446445,-0.004307803358347129
2023-11-24,-0.007004474016326978,0.0033748737347147895,-0.012855324663074597,0.0015059653274183127,0.010099347769371159,-0.009546419321965649,0.0018687080175192605,0.00529435207219775,0.008986962022606848,0.005384140985032815
2023-11-27,-0.0009474819311118265,-0.005717987861964424,-0.0012299510681273995,-0.004245918027196649,-0.015920817226327988,-0.010436673917289752,-0.004319496894137798,0.0026757481035388775,0.004549452457617731,-0.005833325207820872
2023-11-28,0.0032142813875204457,-0.001014928618365718,0.004128933701672777,-0.00017776776185007837,0.00011810806625600634,0.012817170895673247,-0.012323624990054571,0.04506946504203557,0.011928398195976131,-0.0005773062507594684
2023-11-29,-0.005409780674031084,0.026413710436488325,-0.016015184109099634,0.016004924148231403,0.00043941509295319925,-0.02002992191857733,0.009482860821887762,-0.010457205813430348,-0.016137291714740543,-0.015014244723293046
2023-11-30,0.0030627515707959407,0.013967472469275988,-0.018181727898391453,0.0037620425063764618,-0.0013854487588566,-0.015201788194911026,0.013349256045228408,-0.016629792613843564,-0.0024986325459646075,0.003908281660989665
2023-12-01,0.006791245268794155,0.015414864015160346,-0.0044800638537836335,0.020173018811279197,-0.011843402349536403,-0.007122039694050786,0.00956272464337471,-0.005206597761023168,-0.00867116195023121,0.002433307737261803
2023-12-04,-0.009464508697572982,-0.004521918744116005,-0.020177002390051824,0.0027553958603254713,0.002807998030743608,-0.014777301247923535,0.01546493658686754,-0.01360800559009756,-0.000259092592700072,-0.0054372239764900465
2023-12-05,0.021063117992514035,-0.007787195115187329,0.01347301349528518,-0.02186673622562174,0.0042173803275653565,-0.005405896279710221,0.011136556931795605,0.013328802806870987,0.009267595029691877,-0.019427852774687837
2023-12-06,-0.00568704846158008,-0.0016349684120001706,-0.007251336930728214,0.0006437009326454302,0.001870285416768036,-0.0026390529934607887,-0.005648208014410794,0.002722829646282676,-0.010852095019194152,-0.013241830725622905
2023-12-07,0.010139445255212154,0.004258011891900226,0.05341247333428756,0.007749106263528871,-0.0016630728274135143,0.028791703675774105,-0.016567208652064402,0.01366087788429815,-0.0065810256031351155,-0.006961982808033507
2023-12-08,0.0074123187391583745,0.009784742009888436,-0.013073372054755561,0.01801986676433809,0.016624862235397053,0.018861500370314754,-0.0012513977314986269,0.0049455858525417895,-0.010494638114188048,0.011481301298374103
2023-12-11,-0.012927347959111879,-0.003552912820046439,-0.014198042127955612,0.0026509949538384703,-0.023426085667094698,-0.02244936779245188,0.005975879709525955,-0.01681426716823431,0.0025188775759514836,0.0007034718099161452
2023-12-12,0.007920011771338942,-0.0035657121663656977,-0.007869108967600402,0.002416390587740347,0.0012329118890666013,0.027484228401946753,-9.579717945396027e-05,-0.011387381846063915,0.0007934568796583719,-0.01575998851004934
2023-12-13,0.016691566894698306,0.04229029050003441,0.0024693357408531735,0.028700290073417456,0.02178658816332768,0.0015557664913321556,0.026351128468281804,0.009619842336358264,0.017772278728878987,0.008872965928571785
2023-12-14,0.0007576998912872668,0.059300610712644586,-0.0057475906642728836,0.0571773806559126,-0.039882735254444635,-0.0046900312923199294,-0.004325756095577615,0.04914543063053567,-0.012204049327340982,0.026890358704880324
2023-12-15,-0.002725654380606124,-0.01001756287642075,0.004804634822906939,-0.007718874513806928,-0.002841436211337589,0.005252405708631169,-0.007272452385535533,0.009758999874367902,0.0037459444327405667,-0.006694197502573829
2023-12-18,-0.008503380372733793,-0.0050594348429334746,0.025030024113601446,-0.010801350615268657,0.013495547984689216,0.028962079844310873,0.00884782003882445,-0.005601570686174839,0.014599851689755416,0.007433207036620315
2023-12-19,0.005360182641509725,0.0023931139412578517,0.006633300068467074,0.0160735426090306,8.633575009153738e-05,0.016656208873806477,0.004243683750315919,0.0203903496997484,0.0036138021199245696,0.013182228973877885
2023-12-20,-0.010713983482471656,-0.015816114069780673,0.01129620002354148,-0.012890733708912028,-0.016557146119318134,-0.003082598834144634,-0.010611256245818157,-0.03918825045959673,-0.011701943470871612,-0.01670059699837101
2023-12-21,-0.0007700309834108854,0.006670782093428196,0.015322668376692494,0.008079123718331527,0.0031390130133663874,0.013771272059811768,0.009775944125826497,0.029780693649462897,0.007091271878953087,0.00454254529059428
2023-12-22,-0.005547433429213489,0.006927522595397084,0.006488101221630682,0.0002101118373776245,-0.0028145560011851867,-0.001976817925653185,0.012313165780381441,-0.007701401626197146,0.01195079699152335,0.001769394751121478
2023-12-26,-0.002840880332549034,0.012862556277995374,0.0007007456032446235,0.0025220814316482265,0.0004908127752860647,0.004074542204206111,-0.0006500015782687774,0.01611622781987765,-0.001531958961424107,0.002256764375464515
2023-12-27,0.000518060660978481,-0.000590576266815912,-0.009662482957086937,0.00752071130254417,0.018995300281099414,0.00845481891882538,0.00325189178116303,0.018822405072142834,0.009398433464337108,-0.004699446518108941
2023-12-28,0.002226163832523609,0.0011820896264731484,-0.0011310999596121363,0.005019797001891924,-0.0011351129335380739,0.001369318288383159,0.0073162517884286515,-0.03159428430420175,-0.001963673636266927,-0.014459927458181587
2023-12-29,-0.0054242258118183395,-0.006198314785400227,-0.0024775528633228516,-0.0016561573349468395,0.0035638081823787804,-0.012167999602722412,0.0022983699453897888,-0.018563856087399966,0.0005076962732188939,-0.0020960239254350643
2024-01-02,-0.035786550611998535,0.006831122622787733,-0.009721068818403955,0.0065582334668004005,0.015920047131368076,-0.021668885102202218,0.038708552851868916,-0.0002414583049958896,0.010402976278453213,0.023804722771564757
2024-01-03,-0.007487657244251822,-0.010914824838087589,0.0057322360794460625,-0.016765430519917413,0.04305972631608079,-0.0052557454127910574,0.013511103986359352,-0.04013364984377277,6.263859249155956e-05,0.008401691287407864
2024-01-04,-0.012700070478242842,0.00805284661738681,-0.01652884767235785,0.003038362521581961,-0.0051807757038097035,0.00769295184976615,0.01951722674735823,-0.0021807686270334248,-0.009667329587092377,-0.00871926753334118
2024-01-05,-0.004013074749720458,0.018638953703904226,-0.004708991086281755,0.009113377544481605,0.00659077079860837,0.013914613497050032,0.001794921556011353,-0.001849229589212631,-0.006655572062371662,0.003029774213483716
2024-01-08,0.024174955418706512,-0.007841990714501978,0.022854699081195973,0.00626219239985093,0.01209305174109332,0.019065184142655456,0.0013648442065077315,0.012463646412957496,0.009827104149940924,-0.016661684393784792
2024-01-09,-0.002263332442670074,-0.015515104354505094,0.014445493693206801,-0.013166695045008892,-0.000878608313001572,-0.003429536017381274,0.008945192847219952,-0.02283214932024613,0.006698161625378951,-0.012386112361470247
2024-01-10,0.005671333543543211,-0.0008923136687668531,0.008697938487187251,-0.004638405216403685,0.007530189563832224,0.036482836072666114,0.003630965838724576,-0.004341182513256769,0.012428590828310604,-0.009832421340629227
2024-01-11,-0.003222474390565666,-0.013392805805640395,-0.0009039027424627699,-0.005785925560073402,0.008775091028007331,-0.00215948530674126,-0.003617829622953317,-0.028725319101363445,-0.0011159155554756328,-0.00020268338352402715
2024-01-12,0.0017779618867765912,-0.010558238556009236,0.003967205916812322,-0.005266597767157211,0.011325667096620862,0.013038584018736366,0.0016890254799548643,-0.036660513098772496,0.0013034652065135877,0.01297243392446612
2024-01-16,-0.012316988398561546,-0.020731468587882218,-0.0011089297499246031,0.00714751615714615,-0.012987643979543106,-0.018772301124628132,-0.0011802964158399432,0.004659894354722027,0.003161281609541655,-0.022611182769158855
2024-01-17,-0.005173416862757407,-0.009962737826308521,-0.008259378700959052,-0.008595125577407936,-0.008919255968915962,0.0024766025112032963,-0.0030382464313191138,-0.019826295019533036,-0.004696187639762983,-0.007267938294228005
2024-01-18,0.032570551549710114,-0.0022012677439560147,0.0146965321561916,-0.0007157464561884375,-0.008840742997248019,0.021065763884031252,0.0034708691121916324,-0.017026203279914,0.0134726072411957,-0.001855887497932529
2024-01-19,0.015533033353019254,0.015442931850385477,0.020553093633944863,0.014035192647898764,0.008389988043906005,0.019461378158655673,0.0029524594512775337,0.0014630807600990448,-0.005268505295866754,0.001549419971597743
2024-01-22,0.012163229216561655,0.010241915134219681,-0.0017570670192590399,0.00983777479368908,0.0036591411742645796,-0.004355260896160784,0.004542002014935154,-0.015976244642273096,6.151890983585595e-05,-0.0013407874537658682
2024-01-23,0.006653242125405079,0.006758845472452313,0.006566781856911286,-0.01344726904809368,-0.0019020926760031642,0.008958119107858709,0.0034329504795787003,0.0016283349277841364,0.002524722430164106,0.0112579234799568
2024-01-24,-0.003483909815715336,0.006408514461999415,0.011232425619384978,-0.0035977669639249976,0.006384346034040478,0.014278206278657724,-0.008010584200058735,-0.006263735117226887,-0.014127629088430349,0.01726068890357557
2024-01-25,-0.0016966726887902572,0.012431541262080792,0.02188226665017612,0.008697937321070714,-0.009594656015911807,0.006347485345925996,0.01051481714724023,-0.12125293136804816,0.014579475971163047,0.02540165690626317
2024-01-26,-0.009012535946191447,0.0011980814217951163,0.0009762594814342052,-0.012829890060769178,0.018530491229445056,0.0024418305476399116,0.0057437204823898025,0.0033948152034783963,0.008781651939872015,0.008518499429191584
2024-01-29,-0.0035860089592882893,0.005384460982960082,0.006827451578203192,0.007332248476070946,0.008994723027172968,0.017455700149467956,0.003807324571824422,0.04190991910385411,0.0046872426380870635,0.0012621934706054105
2024-01-30,-0.019245803016746055,0.035108588011865116,-0.01156039999570535,0.01658082291194729,-3.0906457514356944e-05,-0.0023939384471319824,0.0031333406041385015,0.0034567835721344142,0.003332563049311954,0.016678002951238557
2024-01-31,-0.019357663864583485,-0.02242043315771214,-0.07350545223327887,-0.007392651965825725,0.000976809041679516,-0.024796212773033788,-0.007233331558612721,-0.02244377647032403,-0.0020532227317078267,-0.019456345629439764
2024-02-01,0.013340557020600663,-0.013525248991228755,0.0064177565566547745,-0.00041671083404559717,0.022954976061472898,0.011893168853249092,0.046365160721917764,0.008382761388752824,0.018517308298834134,-0.004085217906777738
2024-02-02,-0.005405075072322352,-0.002384614545099528,0.00581582919898338,0.010446779598278999,0.010932289875645207,0.20317640813875038,0.00023746216732112302,-0.0050301649114266045,0.007486232696717554,-0.00410189440890707
2024-02-05,0.009846689594587676,-0.01434116185314771,0.009683722682993556,-0.01247877968954536,0.057739888664246175,-0.032800673433931005,-0.0018194800819673063,-0.03645365318513305,-0.005366456084388016,-0.004119033131194438
2024-02-06,0.008631712424691518,0.0015157752164036697,0.0033119061016946283,0.005143273357344658,-0.00165683813972628,-0.01020873890405094,0.005547582191785638,0.0223130928940527,0.0068183504362222536,0.006893150252847313
2024-02-07,0.0005809844846083045,0.0042371838413926,0.008733786251215347,0.004337851894202771,0.028864196636976258,0.032701271861311554,0.004650211488535838,0.01339813963135228,-0.0025321950863760323,-0.000293399444819209
2024-02-08,-0.005754492581045323,-0.0018085265291812869,0.0036816784810185244,-0.004189687641562467,0.014199295595765493,0.0008731069107545952,-0.006746665069935265,0.010555473441792307,-5.897650877639826e-05,0.017119963578272612
2024-02-09,0.004093790653973972,-0.0015095204417128194,0.02037769576557147,-0.0020256234381167415,0.006089547813995955,-0.004021250954107214,-0.009162212645841161,0.021154303741671487,-0.0005313743383550396,-0.02115998864314894
2024-02-12,-0.009001708319449575,0.016631296049830047,-0.00991886484147908,0.021807980154373574,-0.003917857804793146,0.0016876131457441712,-0.0008767108655054479,-0.028103539988478476,0.006025467382328786,0.013756579881949893
2024-02-13,-0.011274402425707764,-0.025877279306991685,-0.0158677588097349,-0.035375972487587504,0.007744818649358276,-0.018724640802145087,0.0007180999029170465,-0.021846598116614713,-0.006811416358138311,-0.008608915060884903
2024-02-14,-0.004809953931052546,0.011603174711026343,0.005260778901944985,-0.0018744154408638636,0.021087529974916697,0.028601303817044288,0.0031092043645826184,0.025486372853585015,-0.0031927201206465305,-0.0049338824736340214
2024-02-15,-0.001574577511243569,0.02837302183374324,-0.021747956911673416,0.01952175470474171,0.0006205775865646412,0.022713855250056092,0.005722489742762793,0.06221180550417671,0.004092591630760811,0.028659400039844574
2024-02-16,-0.008430577307828147,0.0005869953048687204,-0.015145320581352872,-0.002542671697810528,0.032040917502343724,-0.022126647291616508,0.00987837644328371,-0.0024943876658132247,0.006320497402267478,0.0
2024-02-20,-0.004113714073793462,-0.0038136465239952955,0.003103965300740974,0.0002079129385930134,-0.03375693088284393,-0.0033169998290052405,-0.003286690790976654,-0.030957752117438453,0.032284452497322924,-0.00944760277739043
2024-02-21,0.0041859671928756725,-0.0076560752215273364,0.01153297445174295,0.009752456644046337,-0.012902579556062665,-0.006832927655580634,0.005888337763963136,0.00521268473502845,-0.012282411699119145,0.020437827142162135
2024-02-22,0.011243831712689278,-0.0026704209193496586,0.010289361057293389,0.005666100200412805,0.03181343846501883,0.03867269359360748,0.00889792089881114,0.013554445406056326,0.00984450408667148,-0.0008584577871262322
2024-02-23,-0.010034291918240124,0.00922331356383066,-0.00020676960728283067,0.001485534226957741,-0.000129924191288322,-0.004319822485319369,0.0014698864154305546,-0.027556873210526134,0.0008551733571373621,-0.008781919060958043
2024-02-26,-0.007451085626604015,-0.009139021502843292,-0.04501326322054966,-0.0021224673458485332,0.003092645891078716,-0.004731148281741482,-0.004712336968043851,0.03870392576202142,0.018455199229095998,0.003948447450214054
2024-02-27,0.008114357992397236,0.019934440856439917,0.00972979977365429,0.0015118216547262975,-0.008964552576678386,0.011022453273231037,0.001474614157038756,0.0016549741281637331,-0.00016773937804337447,-0.0021103984096890738
2024-02-28,-0.006625244926635743,0.0008750401581352207,-0.01905783207985634,0.013193864705410618,-0.009620922384246167,-0.006220991332727355,-0.0065100840114191705,0.01156560160219966,0.000503433882656612,0.0027877613565747694
2024-02-29,-0.003693082290161298,0.013208346815770655,0.017099545716136033,-0.010504080198425414,-0.0052267496863279694,0.012623496702423465,-0.00811291367327649,-0.0007918650199801869,-0.016940652979656523,0.0019170347301440405
2024-03-01,-0.006030613075807101,-0.004924945098314426,-0.012161913784842104,-0.0024419614959139135,0.03773486356223055,0.024830050376265955,-0.0014941489441440137,0.003764585340074067,0.0025593918505231184,0.012629289182173764
2024-03-04,-0.02538107556590441,0.023289501431660753,-0.028099723036158708,0.010693234813733632,0.012990315264169272,-0.008182315044445443,-0.02292067087483718,-0.07155546804023882,0.0091898762532725,-0.01398352207546949
2024-03-05,-0.02844096419858333,0.006828222205941037,-0.00312959319188455,-0.0034162093242419145,-0.018541433133643204,-0.01599796095643935,-0.00983480502203371,-0.03933237971984138,0.012478874542379392,0.012265376383521431
2024-03-06,-0.005878369472013922,0.0008475689381990392,-0.009119547585015986,-0.003427756211545341,0.0028035173240070765,0.01197421249616304,0.007490177279217969,-0.02323786698783792,0.00882751208355037,0.010696540891994122
2024-03-07,-0.000709535386459903,0.005929092491097965,0.020217438813980193,-0.002926441994196338,0.0005000661057181777,0.03245384098716397,0.0019394036057198694,0.011951969472048907,-0.003467148651858598,0.005619675927457379
2024-03-08,0.01023674781990791,-0.0008421979867758722,0.0077638152032142305,-0.0037073168322211414,-0.02309778430461229,-0.012183013226123807,-0.003952089910611134,-0.018527834714126334,-0.003976158477436709,0.009406676613067155
2024-03-11,0.011831544116346127,0.008146040533610677,0.019443881913822958,-0.00214468204376006,-0.036436865287397424,-0.04419409454789469,-0.005910766645816468,0.013858834181150304,0.008982119523518017,0.005905102318503941
2024-03-12,0.002778681820323037,0.0019503706073562554,0.004894198886947754,0.005231005578635095,0.028024234684509874,0.033416724960254385,-0.00089598321135409,-0.0012938683737420131,0.012363970331167096,-0.006420700774445343
2024-03-13,-0.012122624278273264,0.0033372075628028686,0.00823667304030895,0.010639461673142447,0.003827895153643013,-0.008364184733519853,-0.00407640722391267,-0.04539820808488959,-0.0021169138703925894,0.011170495775720601
2024-03-14,0.010927431233220375,-0.01080934877885531,0.025360543473803565,-0.009431468512145491,0.00381346185245679,-0.007546841501559265,-0.007249387508655225,-0.04118477639544138,-0.0008515245936150384,0.017712124216128
2024-03-15,-0.002196677367354627,-0.007845312275916116,-0.015033923108473957,-0.003602495184604426,-0.008623194818830338,-0.015716745549380517,0.008381089029917854,0.006584660456730784,-0.00557196341893218,-0.001794144501798156
2024-03-18,0.006372317893246882,0.016944414157003873,0.04438337066622311,-0.007334600279397585,0.011257346559160553,0.026605961216739082,-0.0006584099352830997,0.06254200201423088,0.0029664936785043228,0.009256636130827278
2024-03-19,0.0135851701362244,0.0005551685342612966,-0.0037716127770794916,0.011161393579784074,0.01326942787058627,-0.0014889478326811645,0.006258340199946089,-0.014269250195585559,0.00016428571977766815,0.0070348218819551445
2024-03-20,0.014709172357413314,0.019983563818992467,0.011898397822706519,0.02009460884274694,0.00010340470209824204,0.018700581662152382,0.013502477641641919,0.025332688257929448,0.006242792859741941,-0.0008842944055451607
2024-03-21,-0.040857301178846006,0.020680242866886633,-0.006279915962004945,0.04348360163213427,-0.003364195656761715,0.0044311685132505385,-0.0018571677027334754,-0.016167575308454918,0.003265366254350699,0.004425312680953475
2024-03-22,0.0053101919784679374,-0.012263399168844558,0.020370845089531908,-0.01665414375641394,0.00045456989221359656,0.0035842897394950946,0.0018606231920326177,-0.01151490226146512,-0.00943860792717166,0.0
2024-03-25,-0.008300458973711677,-0.005128225147431609,-0.004085007012040953,-0.004621150691753839,0.003283032650125639,-0.012873351204052641,0.011788433563254763,0.010536808713131895,-0.0049284667305592444,0.01022103763726867
2024-03-26,-0.00667242066126672,0.006239827907708717,0.0036386900634297614,0.0030620613083489623,0.002276490431299072,-0.014174341706869598,0.0016758074544280799,0.029195349264770964,-0.0009906268684506392,-0.007501053434224247
2024-03-27,0.02121250702891042,0.019412231121355816,0.0015822550396644708,0.02232993634695135,0.00423263415575037,-0.004093653057911095,0.0496335572257649,0.012157391142962881,0.0034704710295063723,0.01036984789956219
2024-03-28,-0.010559303755746097,0.0029091269208361137,0.0021059691414277992,0.005876120331325563,-0.0002826486247408111,-0.016765975762303764,0.0015179668815485936,-0.022465709302040393,-0.009057961008933635,0.01104652599866296
2024-04-01,-0.008455843329806867,-0.01054834327123022,0.02784709232414495,-0.010007360999411685,-0.02237906342586027,0.011882803659193808,-0.007275458512157829,-0.003242460249155976,-0.0028253380489917657,0.006452056908450521
2024-04-02,-0.006998643906238944,-0.005863545438863249,-0.004025575144692262,-0.00812559042477179,0.004483587052226179,0.012251918874575773,-0.004885915087671999,-0.049024062767074494,-0.014000010528766982,0.01957440355630191
2024-04-03,0.004797351689529217,0.0037531788115849896,0.0032078392868764016,0.00938688988314862,0.01574698936357022,0.018839136894521102,-0.003452187135830176,0.01050231020055925,0.004563836797385923,0.00016773592581276198
2024-04-04,-0.004892182038373494,-0.013888651917190464,-0.0283301311902453,-0.018719917025909028,-0.01019344090284835,0.008248808364527793,-0.017244038012250162,0.016213301154368365,0.0011780650507915436,0.0035203490965809436
2024-04-05,0.004501586875560015,0.0051462819658030234,0.013163041644736806,0.0044799682879799185,0.021000473939463582,0.032137942093077854,0.0025849444168868363,-0.036292482565110196,0.005882149000678183,0.01378241730227181
2024-04-08,-0.006663410045691154,0.010509006381945074,0.014291269755003722,0.006053013945503505,-0.00882429737519308,-0.01534101571844404,-0.01117271623234195,0.04899940648952894,-0.0011694721444883704,-0.006756310491445761
2024-04-09,0.007242514254010901,0.006133550262810594,0.012808970597514069,0.00041391160486936585,-0.02579465913009804,-0.004525790538624563,0.0011852106392187256,0.02254601255405486,0.0001672537399051155,0.005226041897179012
2024-04-10,-0.011139182924328028,-0.028624368941043365,-0.0030353481836288276,-0.02422623391014067,0.006259481240549425,0.005668560272077627,0.000315656136706588,-0.028946236061948905,0.01388189125563799,0.00841715093118478
2024-04-11,0.04327073493487399,-0.008185725969742652,0.019852954027117287,-0.008184384352323937,-0.0031365098550047987,0.006405683676196761,-0.0047337360786881,0.01653476762638495,-0.008742966573413002,-0.0033550765612502254
2024-04-12,0.008626723949235915,-0.0154057342940227,-0.009950946054062437,-0.02010164862239372,-0.010466246251780276,-0.021522888006986207,-0.0032500657936344046,-0.020332204625772565,0.0008320842659561567,-0.011659358970615319
2024-04-15,-0.021863692089268083,0.0044707824761760495,-0.01796587089857493,0.029243173968264813,-0.0011574012979918002,-0.022797366481386083,0.0035788847949009828,-0.05594859487563397,-0.003491952150646127,-0.005732371121611957
2024-04-16,-0.01916712843898405,-0.03532723275337113,-0.0021109321530966563,-0.010027840532822907,-0.005367802252962517,-0.0009396850674852075,-0.008954843523829914,-0.027062145360474688,-0.0015017114591470149,-0.008272089478592815
2024-04-17,-0.00814731313184991,0.01585947820429534,0.00564096162869232,0.01776453112781451,0.005396771052778471,-0.011185354963690108,0.002478840719731812,-0.010565868854054306,-0.0031750911967936,-0.0005057783918378522
2024-04-18,-0.005714491205525363,0.015327695680802833,0.0036971251930053572,-0.0019807373118293503,-0.0064200259228673895,0.015440071312323056,-0.0011166703367977426,-0.03550983840996058,-0.006538158028322916,-0.0009269795711398521
2024-04-19,-0.012212393397706856,0.03354776681243643,-0.011050324901157094,0.0022078137186525293,-0.026329049290551243,-0.04131122496413131,0.004391926288341619,-0.0192088959161848,0.004556201231442403,0.011474817389388159
2024-04-22,0.0050908584143942726,0.020557290264682893,0.014320473669830136,0.03304472514098511,0.006911926538631263,0.0013718545312559893,0.009222428297906538,-0.03400203941675628,0.010246962345464405,0.005672285603882665
2024-04-23,0.0063916771586896015,0.016962443080774214,0.01247224548464998,0.015933780251610186,0.019635395929511024,0.029829963488184008,-0.00047275548690906,0.018514534090260826,-0.017459371706680438,0.003898581561056824
2024-04-24,0.012702350855555933,-0.0013030791409331943,0.007378919079172874,-0.0022641273787912253,-0.018090635492961415,-0.0052408939119589215,0.000945893557280364,0.12061109407252757,0.01320017646606586,0.00016524272901463632
2024-04-25,0.005147219467466213,-0.010699400535394643,-0.01955324210920395,-0.00706789850962164,-0.010011011774284206,-0.10561295723970066,0.02929131027689902,0.04965143743002587,0.005678926401598394,0.0023131516976853117
2024-04-26,-0.003472994258274298,-0.002109907206050088,0.0996517571533142,0.01790248211616907,0.011919433180583416,0.004327415086262665,0.003671926708995299,-0.011105884774887609,-0.0008302965227220405,-0.027775534484013265
2024-04-29,0.02480815529678182,-0.007401935269891857,-0.03333524173073088,0.0075778624166698005,0.00503054185110452,-0.0240701119014618,-0.008231734220671028,0.1530691710339953,0.0013297728392780428,0.01424205477285967
2024-04-30,-0.018270895972632095,-0.014380687913169155,-0.019416214440073132,-0.009517103032375074,0.05954969904505236,-0.0056630140883335844,-0.006916578546381724,-0.05550118063944742,-0.014774311329869949,-0.011451012891837475
2024-05-01,-0.00604720097648459,-0.0016210471032888085,0.005648705423976441,0.0005625682367842444,-0.005569060629656453,0.020968431931181808,-0.0032502635687542414,-0.017950640048260635,-0.008424460120150634,-0.018939772731060622
2024-05-02,0.022032020407358743,-0.0018947454032363087,0.017454967309299185,0.013163076428065246,-0.026829779860876868,0.005669326823719789,-0.004192719039506354,0.0001110562423569661,0.014613314730380633,0.0018099930587438529
2024-05-03,0.05981626567192899,0.010032694277782417,0.003145916982989938,0.012968996663442312,-0.027701746551736184,0.023274843230863818,-0.005847316177958306,0.006555235656792835,0.0018423400971574466,-0.0020647656107359857
2024-05-06,-0.009106753526999078,0.011812201537498401,0.004970879849650167,0.012529143568069001,0.04314465435329495,0.03035672487561647,0.000470577825585794,0.019703030064167848,0.0008357095428250805,0.00646547726147273
2024-05-07,0.003797194367837209,0.003979766774047988,0.018547758175055495,0.00029291067514547464,0.01446505526237818,0.005497398501197015,0.022027183751143653,-0.03761635178001177,0.01252726000610438,-0.004967783904495482
2024-05-08,0.0018641233069152108,-0.0034354588790744822,-0.01052144012728995,0.00709783356406013,-0.003561432275717147,0.00931139399529557,-0.006366155340001178,-0.017378079862311324,-0.005278857231813094,-0.000172155699735832
2024-05-09,0.010014239550325765,0.015115412754132862,0.002453974046656704,0.01926385492164373,-0.004451743541560194,0.005967020561913339,0.00524889697023867,-0.01573946875450305,0.005791113282841431,0.019715822765207447
2024-05-10,-0.006890112907169232,0.004440884432156622,-0.007518396309909359,-0.0018217984352777439,-0.014969779621799906,0.001640562158721659,-0.001305435438020086,-0.02035238689978358,0.0006618702186562686,-0.004052618228120752
2024-05-13,0.01764516799778959,-0.006241869436604874,0.0035821629473749006,-0.0025729219583573437,-0.003026241593104939,-0.017198592907565424,-0.005920342522349964,0.020300339194899042,-0.0011574103821375692,-0.00042396268571343043
2024-05-14,0.006173656043554132,0.007327798265372998,0.00602681374118208,0.010825362984019815,0.008288189871473728,0.008204945834583421,-0.004872661270990064,0.03292805679333921,-0.009104430383207518,0.0060704830251050446
2024-05-15,0.012217930119769127,0.010911842761075485,0.011341797556461142,0.016620487795351524,0.031913643640121725,0.02053613420052902,0.02386117648153463,-0.02005067585133169,-0.0005010501083216878,0.007733481260210784
2024-05-16,0.0006323665736951423,0.007967380853257211,0.008914192673440624,-0.0033684240280319466,-0.020202762869385715,-0.017257130529617526,-0.006452355415968114,0.004885285464054867,0.06986456356552906,-0.005987618712859466
2024-05-17,0.00015801200307485885,0.0017846703353718851,0.010602553415522298,0.006888897730928933,-0.0014523266319191874,-0.00278929441742759,0.0023684228496514415,0.014985188920464187,0.009998384488270506,0.01501660351573042
2024-05-20,0.006162305135470447,-0.011962432648301546,0.006599445079815469,-0.010219849625005994,0.017116663187833447,-0.006505422314822984,-0.0015244466466798334,-0.014144086952910362,-0.007269967691036161,-0.008107742777907379
2024-05-21,0.006857213661480621,0.021380676955761624,0.0060515778886842675,0.01613611572220841,0.025524313752605332,-0.008979577539990458,-0.001755874756572795,0.06659050790792542,0.015113738438375712,-0.006909693885992607
2024-05-22,-0.007538492818335962,0.0027743290060353587,-0.008577272444338702,-0.017070297606030738,-0.00032370459216690683,0.006779506204299235,0.0026001629600997944,-0.03478030697150003,0.0015350512108234238,-0.02011037888204903
2024-05-23,-0.0210581343243752,-0.014838982894139763,-0.016516859966703712,-0.009148429698111471,0.006899815094883355,-0.0042756172989861785,-7.630280153869684e-05,-0.03536724832380789,-0.006283676484671652,-0.017059247451296722
2024-05-24,0.016588281549961392,0.01353073670865812,0.007254539802936222,0.0066137110982855685,-0.0012614829279540274,0.026708078183969253,-0.012205314232659248,0.03165649721483632,0.008328188536135261,-0.0007929626146980784
2024-05-28,5.257783707257602e-05,-0.009571725909196527,0.009584401247074714,-0.0029707156662330814,0.0005323177829090753,0.003554831829233329,-0.02625689936655662,-0.01389201861667555,-0.00520039766767888,0.012696321154173296
2024-05-29,0.0015790343895252246,-0.015259352384346614,-0.003482823156839676,-0.005741390209656028,0.004542862796442559,-0.01158540973235167,-0.001506771824439812,-0.0031683030189180172,-0.0018448782268041253,-0.010708764518187142
2024-05-30,0.005255122942118273,-0.0023243401295803823,-0.021645926175571706,-0.009220650928643548,0.004349893738745836,-0.01541024832308091,-0.010881657505325104,0.014756744473008343,-0.0004621169180943907,0.0031682140401467773
2024-05-31,0.005018538517005622,0.03520581480957241,0.002304740922854265,0.013970530511783874,0.006478130150909589,-0.00047098984379179143,0.008110535577814382,-0.003971091681523098,0.013407167285632626,0.028686676275372802
2024-06-03,0.009258838218467957,-0.0027508410705866515,0.002644100888009371,-0.003373372242238104,0.013311484497433135,0.022834897813973853,0.02294081582628449,-0.0100517100545634,0.0009124280620795844,-0.02396384815318331
2024-06-04,0.0016491171987693676,-0.005015059989107673,0.004070819874913534,0.0007033512156491284,0.0016000126267805559,-0.0010472964378331895,0.0022582574621652363,-0.008622094682395387,0.011850515683648144,-0.015552744071568037
2024-06-05,0.007821083053818567,0.0070564321181516565,0.01107742427647751,0.014012737430604494,-0.0009969330853637492,0.03788358818195614,0.005749279580211875,0.0013159908560766986,0.007357434964259113,0.0039940836424863235
2024-06-06,-0.0070967231942428155,-0.006506495838517035,0.007228697176685728,-0.007754221651869342,0.006648512691512565,-0.0026258585475326113,0.008265868340240123,0.01680001395089281,0.0008943398827510052,0.00751410312264067
2024-06-07,0.01239223135900569,0.008109498366593915,-0.013456620306601108,-0.006963613293997972,0.015168003614107972,-0.00162029663978569,0.0011492510487842722,-0.0025851787543875737,-0.018913086378885557,-0.010704465258543405
2024-06-10,-0.01914783496575234,-0.0027651088932908463,0.005007225543516736,-0.002989562836436699,0.01765907158470692,0.01955527890220199,0.006275285136554842,-0.020791089307163446,0.016393672770687484,0.002926742488065015
2024-06-11,0.07264908186963592,-0.020418381637046124,0.008831848417012012,-0.020460793593872872,0.0009479177540223649,0.009689562943549612,0.0026618662821105143,-0.018010183238054034,-0.003434803900345673,-0.008047317173087931
2024-06-12,0.028578461470792682,0.014153269107257449,0.0076885162894517745,0.009971470326657128,0.0017094823519321345,0.0026996923311866095,-0.01243937812749163,0.03884911216309472,-0.0062942688621037135,-0.011054695620001165
2024-06-13,0.005491108497031272,-0.0038061688042907438,-0.015705158230715055,-0.0052373945508145114,0.01848257856578317,-0.009315209138321068,-0.006374768446577583,0.029217711832219218,0.005881590387667002,-0.008023129456743328
2024-06-14,-0.008168405226693154,-0.0005092857427658748,0.00922253691885655,0.00024631809985131703,-0.005524575438342838,0.001111949667424783,0.0008502377908801151,-0.024442410719736185,0.004797779881951403,-0.008451471505648844
2024-06-17,0.019671450766506338,0.006880641748170602,0.0022986587508075917,0.008332457656392345,0.0074677264362827955,0.00489928310248855,-0.009400967136826921,0.052974598199923895,0.005968182988405513,-0.00687370258453035
2024-06-18,-0.010984506955912021,0.012148953393165351,-0.013032812996674026,0.016104561954276786,0.0072879696962555585,-0.014093159029102353,0.0038430853614099814,-0.013764414198944475,0.0026697718514583357,0.009413000401866656
2024-06-20,-0.021512809647276865,0.0,0.007141022849199263,0.0013553223763342892,-0.00613593017015035,0.004424611656307809,0.013125948981651092,-0.017797215597047833,0.006065178507885349,0.02157611649120139
2024-06-21,-0.010444395101873005,-0.01250331653289527,0.014349152205670457,-0.017181351773985165,-0.0023815121896906266,-0.013793252527880107,0.008097549495780232,0.00793075466503601,-0.0014703267357192296,-0.008770275250896686
2024-06-24,0.0031325648853206545,0.013421158756810048,0.0029400525435872016,0.026455951417026835,0.007048442727289217,0.008347241677207462,0.01713590862777492,-0.0023495584322592578,0.014578080633402601,0.029703822385523937
2024-06-25,0.004468142752225068,-0.015992042893974268,0.026494828912368984,-0.010192859825478351,0.01629007266097582,0.023431038041606733,-0.00030092962672712,0.026125557150967316,-0.021480444271127608,0.0028058749430845964
2024-06-26,0.019993314164129528,-0.009649478079628349,-0.0011315208893487583,-0.003323317930794989,-0.003703227089095873,0.004935385707688589,-0.010683059564780772,0.04814512260377568,0.0129042239090007,0.00034969067441426027
2024-06-27,0.003985989997206119,0.00641020127565084,0.008037947106401155,-0.021717173055332384,0.008632375624800348,0.012550623286112783,-0.012775590803746462,0.0053470646120412635,-0.00600412316129062,0.004282836396418688
2024-06-28,-0.016254183722711812,0.01324846534387536,-0.018409435684355047,0.01426138369811114,-0.004026125632575539,-0.029524904416649123,-0.046371944443398094,0.002330091774560339,-0.002504205831498574,0.0019147462833544182
2024-07-01,0.029104582806617874,0.0060344628496666886,0.005833541577302093,0.025070761043019862,0.009929508507682261,0.0009121922775316982,0.033117959642895656,0.060541719385108106,-0.003396758157522717,-0.0013898621800800814
2024-07-02,0.01623993862074924,0.022994486201930897,0.011491155796300001,0.004205748873652215,-0.008377368104152128,0.009550570792218105,-0.0014074709265423646,0.10197271435359379,0.008743246561603302,-0.006784999495766941
2024-07-03,0.005811003783563251,-0.0007331007067095108,0.004179841363942227,0.004961237346629455,-0.009495925681092254,0.0009029804626383697,-0.014641328050165048,0.06542422054051067,0.002497443810939526,0.005079701820910776
2024-07-05,0.021620437260495118,-0.011980256785204535,0.024387736296939577,-0.006774744401719879,0.018338742612817427,0.05873000113742166,0.004767603456425018,0.02082067005771515,0.026377478522847442,-0.012112247701439482
2024-07-08,0.006538883238900395,0.005196554182373303,-0.007710098934401666,0.00015066640304040035,0.003750392731209251,-0.019614312214774277,-0.005298543077911999,0.005645666924397386,-0.005139695701873004,-0.010496517629382196
2024-07-09,0.003774779527541572,0.019694879582980107,-0.00020987581970632885,0.01723239544007038,0.015795226726384337,0.0012848028875793727,0.002067020505740258,0.03712336538398886,0.00315717054164133,-0.011053709720033944
2024-07-10,0.018803593792569462,0.007725658290527182,0.01165733518988632,0.012816623380813796,0.007806996690522983,0.008848988113201006,0.009996978744901241,0.003545241645880992,0.007296290666785499,0.008833591146198971
2024-07-11,-0.023220755359770306,0.001677118280273504,-0.027821251004184977,0.0007099158707215558,-0.006001539254715915,-0.041126658206491085,0.013118468305545194,-0.08444127539962887,-0.008663649265594375,0.011883471399245948
2024-07-12,0.01305070368848904,-0.005262090683432863,-0.002776186105770573,0.0013563463412142873,0.015265530932012217,-0.026974861773008674,-0.009381889386581244,0.029871787680814776,-0.008023053766697541,0.00017668241077672953
2024-07-15,0.01674340454477563,0.007213423013917808,0.007548872447838084,0.02573567399580856,0.00217200420031749,-0.005432206119361016,0.002817707402965164,0.01776579679334911,0.00534365763234379,0.01712711060781813
2024-07-16,0.0017918921770740948,0.05347351233782671,-0.014294067908710462,0.021920578680340697,-0.009321818086279188,-0.012838641213412272,-0.020917850390550496,0.015516142251486675,0.005458952511288917,0.007204185436847643
2024-07-17,-0.025295993622862056,-0.0033991635473281656,-0.015525522088015498,-0.0016700011083211619,-0.038243398907292,-0.056759133383819216,0.0035872921399127122,-0.031415644041518975,0.014859432711517684,0.013788290470473363
2024-07-18,-0.020534783667068734,-0.022055516058180125,-0.01861786480136085,-0.03180139080766131,-0.06260004481707115,0.03000071221741485,-0.013027205759862381,0.002937608561525362,-0.0029563406328547703,0.009860737444430168
2024-07-19,0.000579924625589312,-0.002557359539274162,0.0009485275388274594,-0.0026325648732430373,0.010095428949109309,0.0019754427104181627,0.01223334130797249,-0.040243947162209914,-0.0009886980693445402,-0.02297983413926552
2024-07-22,-0.0015602986469246405,-0.013986208617008056,0.022074879980032547,0.004351231883331197,0.009912900346503273,0.022252840773445914,-0.0006360718792978171,0.05146320115237035,-0.00522949972173925,-0.006892503381289661
2024-07-23,0.00468827967191876,0.0026004733265505564,0.0013634040319290275,0.010491820653209638,0.014226708712625324,0.002646769148340944,-0.010422395524599115,-0.020396762498772203,0.003836287197541255,-0.01613581624794047
2024-07-24,-0.028754315948423814,-0.005187362650141525,-0.050272330475043425,-0.011073674013078239,-0.020961063562954463,-0.05610923505723875,0.012381431875748694,-0.12334604589403697,-0.0007078022936798378,0.014107969605226645
2024-07-25,-0.004804483508515256,-0.01208833728879366,-0.02987885045937011,0.010293758842571332,-0.04499467800317847,-0.017039907867980375,-0.0005559564791390859,0.01972310939623889,-0.008215397402483005,0.02104171130949739
2024-07-26,0.0021609909605231348,-0.00023981006046791542,-0.0028376554579624402,0.014886771473574978,-0.020178075982050014,0.02710582298681663,-0.004688072157426393,-0.0020431189477511102,-0.0034274427855814915,-0.0008516888846274995
2024-07-29,0.001284604782780141,-0.013918932231801628,0.014524447405120045,-0.012644674853310889,0.003939833452180297,2.144039474605286e-05,0.020118198270232313,0.055959976710561854,-0.002292894621855557,-0.01048318924818481
2024-07-30,0.0025659133809590173,0.004623952870842052,0.0042657515506330235,0.02628288981802096,-0.021763207052362454,-0.00541110976534287,-0.09805926471561921,-0.04084450985365373,-0.006176329892487731,0.017829453284506913
2024-07-31,0.014990858974981203,-0.023497909504065828,0.007506204994665033,0.0066445573231590505,0.017792892789260772,0.025130130441187504,-0.018394826461245906,0.04244907202543402,-0.007949105058715378,0.003554127834292986
2024-08-01,-0.01675070665527678,-0.020094298239531128,-0.004042736177409356,-0.017503849559345697,0.03502554738094421,0.04824877648575132,0.006099272528266253,-0.06554059651757449,0.016753901802582627,-0.013829053316088746
2024-08-02,0.006869336492536959,-0.0486075088381287,-0.023485200468380873,-0.058945759887238824,-0.033612109045704774,-0.019287104130882304,0.012124307413887703,-0.042377581921705376,-0.01905716570612237,-0.0005984758962457315
2024-08-05,-0.04816695497606194,-0.024747216337972167,-0.04608063890392633,-0.024689848063252695,-0.03629771102183399,-0.02542301409667269,-0.02508677944722515,-0.04232673647438423,-0.012708192037222954,-0.018052786918018593
2024-08-06,-0.009748225629656604,0.0073667772738337245,-0.0006225371067147822,0.024399792984547197,0.023114893051769725,0.038593263382903586,-0.010328430864182891,0.008849529684359148,0.0022193101602088205,-0.00531496036442114
2024-08-07,0.012498226804184887,0.010292536740015734,0.0013080082052925324,0.005933430770534764,-0.026526123438141314,-0.010463685636637354,0.012055720169841688,-0.044258397676563366,-0.012252607250184067,0.013314617454438737
2024-08-08,0.01663335086719253,0.02439683720396424,0.019222508334271415,0.026976033458812942,0.09476255699820668,0.04235859491160743,0.01271217879549602,0.036921162045623124,0.011209089749615098,0.01910442017638947
2024-08-09,0.013735848261558825,0.0018320574946253387,0.009460486318622952,0.009243130254440457,0.05485572553885243,0.015972376992538173,0.005530244919840888,0.005833854775063374,0.004285958469015361,0.008143163437899004
2024-08-12,0.007129995240501286,-0.002873772155601362,-0.008706923824735924,-0.00970916714540293,-0.008186878229790362,-0.003514831704498733,-0.00934092268774489,-0.012549972534179665,0.011037761153142922,0.0012621325680655104
2024-08-13,0.01719303512501158,0.007597668201537511,0.012076987737133171,0.0132646944600332,0.026764475179633207,0.02440145295457552,0.008018936428995538,0.05235706137163754,-0.008297230014203794,-0.009579897058964448
2024-08-14,0.00203379985972596,0.009100432236007538,-0.023503894134113024,0.013741488739783092,0.02602278292699456,-0.003367877424607313,-0.007080938035290307,-0.0310349655555765,0.007779372598784695,0.009248268343147847
2024-08-15,0.013530498952749381,0.0056686430569925506,0.007035604861694855,0.0006416898393308834,0.0012897901455568572,0.020066169074665297,-0.0023771690160281356,0.06336276788880446,0.06583173978644274,0.006186592834302784
2024-08-16,0.005918452678374431,0.007942544470841417,0.009622024343504787,0.010500709845692624,-0.010154702820867278,-0.018443181589477442,0.0031771112183862638,0.009246267550119258,0.0065502793281255745,-0.004716755085970581
2024-08-19,-0.00070775764125941,0.008388512187395003,0.022216732115500237,0.0008327896227302567,-0.00033617649104933367,0.0035268303798812184,0.00659797126150985,0.030538618603692225,0.003676045423888441,0.0030465793913490025
2024-08-20,0.0027446989640991237,-0.024703928533751696,0.0033256158981660455,-0.014543805146793654,0.030548512649541948,-0.004818026118479923,0.006292722508945525,-0.007273684933137958,0.011123045563970146,-0.033324944236141296
2024-08-21,-0.0004856757880642437,0.0015509857537825411,-0.007871737096721398,-0.0017696002124875099,0.00210527740173605,0.016004504689993926,0.007729750250929923,0.009814554993405888,0.009391089387371432,-0.006371180271990351
2024-08-22,-0.00825975339230045,0.012645171369613184,-0.012766254088631857,0.0025985079530848054,0.0023110633189411534,-0.006035526791368984,0.004481564702370822,-0.056478704568676985,0.004518930767273721,0.00772957827105758
2024-08-23,0.010288174603870104,0.013506561756181812,0.01172256805723304,0.023445499614142662,-0.0014985105248407349,-0.007388215980332236,0.0004289675177040486,0.04585589810206048,0.0015875488264576187,0.01385858037676524
2024-08-26,0.0014988911986750786,0.003771614588824468,0.002986453512985765,-0.003042660894772564,-0.0023196385359681715,-0.013030268929529187,-0.002830223300899659,-0.0322712435275504,0.004359504866229935,0.02140655486980858
2024-08-27,0.0037414505419013366,-0.006262471625613775,-0.009229798685002066,-0.0012010645671558517,0.004155539163879229,-0.003876502325936726,0.001978114835111233,-0.018760845523390857,0.0013150591654302879,-0.00951103315763413
2024-08-28,-0.006753463784521796,0.007058322817353746,-0.011299630298261198,-0.007747538180956415,-0.005804258891067504,-0.004469106043851645,0.007725359722359659,-0.01653843794670573,-0.0006566151276388155,-0.00985729452775208
2024-08-29,0.014570203763614176,0.005506683888756303,-0.006686941568967875,0.013450420542717723,-0.009210270779525187,0.00278629031970401,0.0005110479669996337,0.002575935743848623,0.004468935246381145,0.013817353764541629
2024-08-30,-0.0034379069042266286,0.014438783787652731,0.010465065071545654,0.006211863999116662,0.02108058844621663,0.005962840441551265,0.00842836600156116,0.03795812428442069,0.010599434553491438,-0.0016082655833696835
2024-09-03,-0.027205279993480214,-0.0012270028830304591,-0.03936755263992342,-0.044664428023600156,-0.00363525404612719,-0.018319250276101817,-0.015787171412825485,-0.016393416920415627,-0.0007771166443654165,-0.020942913178088496
2024-09-04,-0.008618693743290162,-0.004914139190674627,-0.0050440379058983575,0.006523593877354461,-0.010684528270679006,0.0019147494358708883,-0.006690632980988598,0.04183284569452206,0.0009070733847675871,-0.012210963304816747
2024-09-05,0.0069277078032163875,-0.008888837178392173,0.005006375497356608,-0.005625286385856354,-0.035464059586668095,0.008035446633368526,0.024093161368900162,0.04904058305110959,-0.0036248047174837206,-0.007802997311231796
2024-09-06,-0.007014987012509355,-0.028084367909218866,-0.040794594535902284,-0.016950926470079675,-0.010999708242583783,-0.032097655581758255,-0.006324238460409193,-0.0844593239607937,-0.004158021325644468,-0.004683181624062893
2024-09-09,0.0004076167452997659,0.018318056855805898,-0.015731085907324194,0.01868189540831855,0.00615924390122502,0.009035137204212118,-0.020621162949621352,0.026289605928169646,0.009133358829897853,0.021040486018487403
2024-09-10,-0.0036214047785367853,-0.004813918638934878,0.0031428997133939873,-0.0438832354431542,-0.007729051335513715,0.0,-0.0006931700328788315,0.04577608406578748,0.019007071986394175,-0.03643156172247919
2024-09-11,0.01158502085411306,-0.007128187688101861,0.014265949272939782,0.008648678630881701,0.021792098463982557,0.013946425287063802,-0.005375917771101579,0.008666077418469476,0.0003805717997868996,-0.009926054703023102
2024-09-12,0.0004940736364420495,-0.005641110154852802,0.022280520498149547,0.0061335671769791045,0.015343773062888477,0.02690360652950985,0.004707503398892587,0.007364189890953776,0.010400992688428534,0.013762442371669348
2024-09-13,-0.001212008120723529,-0.0033522846320558353,0.01819473134886529,0.010399558803768416,-0.012095930934253651,-0.0018646225571398167,0.005293015804719081,0.0020886633855721204,0.011800163952512488,-0.000719194246678545
2024-09-16,-0.02777528275584551,0.011643069461465982,0.0039150650594259595,0.012881170372120776,-0.00018412382916277448,0.017477038109359633,0.02493683166914029,-0.015241628421408637,-0.0004963521196168497,0.014034962959343478
2024-09-17,0.0021727257641726005,0.011508865637732901,0.008113389850676223,0.00047420450582214,-0.018797338893933424,0.005700403348343874,0.002797600895418917,0.004806404196833203,-0.02432957985468187,0.01304232939868033
2024-09-18,0.017989782608479832,0.0017700567391212285,0.0033068985196893497,-0.0016689216671171847,-0.001335214828209197,0.003039213094129023,0.00295892656742347,-0.0029402649901351108,0.0054706189642208525,0.0035032061286994765
2024-09-19,0.037065584565443066,0.03154967449249235,0.015110966986154217,0.03972527251468616,0.011127462238354369,0.039315997048618545,-0.011884797223934762,0.07359155565707187,-0.012526850255204947,0.012393135927023735
2024-09-20,-0.0029274653180026977,-0.014680747069670264,0.008576245912523373,-0.010717907316006414,0.007048884272796263,0.004024091628646476,-0.0005117718931146875,-0.02324531900421767,0.013070288302681865,-0.006293118265740194
2024-09-23,-0.007581089784182704,-0.009932922722609927,-0.009535887260857856,-0.002046455899227251,-0.003223022103827189,0.005451228027200994,-0.013143310007112552,0.04931794333683115,0.016063650750580694,0.018131257100352016
2024-09-24,0.003974067552903193,-0.01053410478618133,0.003495527267532772,0.0012263512876116156,0.006434254626229041,-0.0019133398024926418,-0.00579435298457287,0.017080017089843746,0.004232595043567544,-0.002641261050992494
2024-09-25,-0.004398091960473471,-0.005069893569646822,-0.00397224579635036,-0.013814623880885613,0.00014059260954857322,0.008840116633223705,-0.0020006706229335203,0.010815214909361437,0.00904926905389769,-0.01947904885401519
2024-09-26,0.0050801351334281986,0.006879213083362368,0.005153678115903615,0.011768475216796359,-0.016483452945027843,-0.0008267510455365334,-0.014294513353674376,-0.01089404681602335,-0.018181870114537646,-0.017164661004476556
2024-09-27,0.0011867722329081953,-0.003036527883411466,0.008911653355908156,0.0031997330334028184,-0.03467440607236061,-0.000845596756506195,0.005305569806613342,0.024545630573566513,-0.0017517227762944287,0.026773030449998014
2024-09-30,0.022871938618530985,0.0071063754071800656,0.011495109271588033,-0.006820467131387731,0.009284867961147247,0.00895379471893265,-0.00114350776794081,0.004492104223754234,0.012158359132976582,0.012087743463282452
2024-10-01,-0.029141662993270145,-0.011592608334875631,0.00735680543077355,-0.009977453611034415,-0.0016480982971418534,0.0070400597091431205,0.010390975959772453,-0.013798172234708361,0.006439535977182276,0.023118880859483992
2024-10-02,0.0025196753644713965,0.0002549205998201298,-0.006590731673604688,0.003712895460884269,0.007450765402589932,-0.006348942668159663,-0.023182829618124012,-0.03488095932262847,-0.010335747779679494,0.013257759036878536
2024-10-03,-0.004894564479818175,0.000509812396926268,-0.0005976674632200973,-0.011971711762813864,-0.006194759069314437,0.01738794862372428,-0.016952214721214554,-0.03357160254966751,0.0,0.00872277176557823
2024-10-04,0.005007402516726156,0.021910964852695836,0.008073703260824239,0.018638139845689183,0.0018179916126730422,0.022598868866266608,-0.0037211687316597297,0.03914235030998814,0.00634085377252136,0.018355411901295193
2024-10-07,-0.022530916310902205,-0.0037397535865599796,-0.024738785625887383,-0.0010905126104838736,0.012669688553483827,-0.018726567069350608,-0.010749742582086053,-0.03698816351676526,-0.02273284152380206,0.004325892677072618
2024-10-08,0.01840412050143625,-0.0007506987972238921,0.00796858821161206,0.003942371311557169,0.01705250829216065,0.013868553219595459,-0.0006446476425774339,0.015238957526229946,0.007711685562948212,-0.02656144699694729
2024-10-09,0.016698314779687973,0.006511275201234401,-0.015932304825489574,0.017339034382877427,0.006588517109515246,-0.004014353186669761,0.01612613938086449,-0.014110416966225725,0.008656361664036716,0.00040979709083810434
2024-10-10,-0.00217825702468466,-0.0054738833080616445,0.0007358563771080462,-0.002890155332948674,-0.009839792762157074,-0.011312250826985948,-0.007889730853081312,-0.009458613360014412,-0.009825942918438524,0.008600161627459357
2024-10-11,-0.006505408532836432,0.04953709723687694,0.008211836298904318,0.02497422610084432,0.023465731654897848,0.010482451860799324,0.0030164989370207174,-0.08782510719719305,0.0061550020818461615,0.0038167500543604405
2024-10-14,0.01648000190247667,-0.0009537023113378451,0.011123297659445308,0.01249274616910201,-0.002735855386958308,0.0007966329977540099,-0.00036464840684724553,0.00624426350457119,0.0023720513600011817,0.0038023686294879067
2024-10-15,0.01102455181353923,0.005488171189590885,0.003306233242445833,-0.0007077589151540664,-0.017417791427318252,-0.007028724164346745,0.016774557182145378,0.0018707960177875016,0.01693862299869675,-0.030061288114060947
2024-10-16,-0.008851884582800618,0.015662030124032444,-0.0009586906457094146,0.014318905206005761,0.003394223790463169,-0.016170146466661817,-0.009952451880923086,0.008015641700267029,-0.0052661723059002075,0.002575842363309322
2024-10-17,0.0015964807647614876,-0.004672975599319673,-0.013374043416946813,-0.0016229563735133956,0.0007638667234313168,0.00024265469343132118,-0.0060676776554219325,-0.001987992760882462,-0.004063216402867442,-0.0025692244461401614
2024-10-18,0.012276353948372343,-0.006572657231822876,0.00328254062128841,-0.00094519234341639,0.0009267626381164185,-0.0007972677751452162,-0.00956714117650792,-0.0008601676940163117,0.005192342497235547,-0.00282505244257103
2024-10-21,0.006298030133647936,-0.013232660737922175,0.004544162612230673,-0.020245977727026965,-0.012898032750751076,-0.0022725300305457274,-0.021711337905604866,-0.008382378207102636,-0.006149461939951917,0.0005832049238658765
2024-10-22,-0.0026217864669662028,0.012931091404521755,0.006151782686097951,0.000965575815581321,0.003332832946880915,0.011909795961668967,0.002821210379502004,-0.004021041161846095,0.014973381528862184,0.0051631338833488805
2024-10-23,-0.021623078817787023,0.0009457174326121809,-0.014026976427451876,-0.0021222420181362667,-0.006489488348987216,-0.031477033843003266,-0.0024379831256734485,-0.019819274670942355,0.015240245837300659,-0.003562323247304655
2024-10-24,-0.0008232869080260219,0.0073217058367684995,0.0003039753458815575,0.014114444995990683,-0.01320784835120159,0.0072556270695243175,-0.004700197625059133,0.21919035070290427,-0.0027620005461457264,-0.005654064194214992
2024-10-25,0.003643102624613981,-0.017819498219808327,0.014951770244313156,-0.022688327692884536,0.0015482206348571559,0.009634142807903645,-0.017944805894443028,0.03343823359841336,-0.006382440588685978,-0.0008361821624158772
2024-10-28,0.008599371082343543,0.01742649246235728,0.00808406255385119,0.02142037516308326,0.003237382977774761,0.00856517084670072,0.002404186629853866,-0.024815158866218545,0.002908609582049193,-0.004937623785547185
2024-10-29,0.001156874226483584,-0.002111724909221846,0.0166331182629349,0.001336870802589596,0.008921533414001592,0.02615214538881716,-0.004796996117520158,-0.01139012091242797,-0.012688706591279297,-0.013624856669626428
2024-10-30,-0.015277909906239895,-0.005172710700038885,0.029215946865316367,0.00022884260606947926,-0.06280570868466928,-0.0024949566447867166,0.010604509824169606,-0.007590942139718337,-0.003794415171058385,-0.005030667008379841
2024-10-31,-0.01820942684854887,-0.01158129184300316,-0.01958672715338794,-0.012604854414503985,-0.020181171649647278,-0.04092584017731704,-0.02394370037152116,-0.029897037679701755,0.006880433647193485,0.0007712874932574998
2024-11-01,-0.013279750773728338,-0.0014347160100949274,-0.00023181466422039776,0.0030127913343895862,-0.013028284121271771,-0.0007401010270888797,-0.004300194467796281,-0.003482130697311625,0.002928674740634296,-0.015670620621077824
2024-11-04,-0.004037535897579714,-0.01029657201809786,-0.011410291826900787,-0.015172819794298742,-0.015617884984906127,-0.011425133280053013,-9.798760635593151e-05,-0.024660613282231236,0.0031632147525411103,0.03184005626981046
2024-11-05,0.006486287433985716,0.013307240742072235,0.004277043370065403,0.030285385904945672,-9.935546972172915e-05,0.020956611679054715,-0.002159674092915842,0.03541429020427711,0.014918156370492985,0.0029507841501905663
2024-11-06,-0.0032669971778582774,0.08428842448658491,0.04037107526453054,0.1309776388533026,-0.03682083961107363,-0.0006639111476482995,-0.00905070866021318,0.14751032444224466,-0.0028679423944234506,0.017148575673794575
2024-11-07,0.02137224631259871,-0.0140937694533938,0.022149949045688455,-0.02317207669748711,0.02713863949868056,0.03435026116950879,0.0043680716021652355,0.02904379065700735,0.0049136557498465905,0.0012397575229055047
2024-11-08,-0.0011881972853523548,0.008041162984401495,-0.013276267882445514,0.01217872125814945,0.04274868579832969,-0.003988605821148461,0.017297542833710544,0.08187665372925301,0.0116876219588391,-0.0003301526207040162
2024-11-11,-0.012028722787535084,0.0210502773965342,0.011731341196346001,0.022197317232078406,0.0010824175011541204,-0.010469338559166319,-0.0212785507243185,0.08959591143118995,-0.007308731530947132,-0.005284520184332564
2024-11-12,0.0,-0.004774376856515605,0.007418826313931204,-0.01618698393713347,-0.016313438727460272,0.002829473684210493,-0.021344263907916217,-0.06145717075892854,0.009262470185932292,-0.0009961156988921305
2024-11-13,0.003969156224378212,0.00021801103343466188,-0.015437531013607675,0.0027506615376724497,-0.008609653133100248,-0.00824194279764201,-0.000811456317696635,0.005327407385385952,0.006000737348603513,0.009306193364054582
2024-11-14,0.013770514347363871,0.0006541500253252064,-0.01739712659764625,-0.009441113879786966,-0.03150980015100702,-0.00489651114055778,-0.0014213661949602496,-0.05771559508909463,-0.012046817816150579,0.0006640216691962131
2024-11-15,-0.014109245028521067,0.018518331238534635,-0.019509375451317257,0.008375852490171587,-0.049342036742750395,-0.03998895565414351,-0.020841722594157508,0.030657525449785616,-0.002604497586662813,-0.010368220984453669
2024-11-18,0.013422343331317421,-0.0006414971877319875,0.016734780381837178,-0.00935056776742027,-0.025462317182818217,0.0005774355215466542,0.002595652911875135,0.056186046847983784,-0.0020177840968256255,0.008381464364045632
2024-11-19,0.0011401035690044026,-0.006635465423915909,0.015723865847561802,-0.011241877215188878,0.003478972089487442,0.012067217578632938,-0.0002070240779316057,0.021432396454288627,0.029971515087104272,-0.013964025400936553
2024-11-20,0.003154131893945644,-0.007541413144064979,-0.012529299476995992,0.0009461248015139034,0.03245041702022888,0.00789535498299787,0.009322541363069092,-0.011473991967350106,0.006697476718173778,0.014246044201422503
2024-11-21,-0.0020960313209054116,0.008684212475724484,-0.04562096620769551,0.024367051767007597,-0.0046322005417555046,-0.004296998516251427,0.02483581209520125,-0.006987644766217049,0.013879316345415837,0.013381040355983753
2024-11-22,0.005907449333256487,0.011622953069342357,-0.015776427271358084,0.011189460172446708,-0.0025469623173481892,-0.007014800459309911,-0.006809535538872535,0.038040225983177356,0.02319267368486022,-0.0011481531032973002
2024-11-25,0.013050933317995117,0.010638350855556311,0.01716985163957574,0.0004147505683163022,0.009344809206433657,0.01067711692701745,0.01996375925151761,-0.039624464821427674,-0.010393642866893482,-0.014943871379093032
2024-11-26,0.00940434364985232,0.005263267356925949,0.00702354013394535,0.004095693045820914,0.04545693021075592,0.014917337964617472,0.004547194248128328,-0.001063189566898104,0.020223413975868798,-0.01667071138810028
2024-11-27,-0.0005531422228151062,0.00041884686249127334,0.0011722355580578991,-0.00011553754547533046,-0.0014315571987378872,-0.007566848090638678,0.014760843501356646,-0.015788061864523528,0.0062424284656843465,-0.0026277962294602997
2024-11-29,0.010215884079009196,-0.005442812595459312,-0.0019318116338928881,0.005186638182901104,0.009084014807963392,0.008994949110405326,-0.014352276161423316,0.03685898787510977,0.006748013975137024,0.002549693612998505
2024-12-02,0.009522601093399752,-0.009892582271030848,0.01460471667328811,-0.006374220745984149,0.005595078161981348,0.032229526163950695,-0.010133682174034653,0.034563659025395044,0.0015134047291489594,-0.0009325009823132335
2024-12-03,0.0127718170011486,-0.00467694049552192,0.00023142608178150503,0.0006148299106443211,0.016916714514686015,0.03511962113889244,0.012324921676625245,-0.01587830229999254,0.009391467852292834,-0.0015274586125103573
2024-12-04,0.001483543752010208,-0.009611290281168139,0.017743531131853674,-0.005597331963845598,0.02029932919437094,0.0002116734930368569,-0.004712898050728609,0.018524782309774723,0.010052162073480808,-0.028809351098651348
2024-12-05,0.0001235402971386801,0.013586286450401941,-0.010108333408182735,-0.0031900707420139396,-0.005085354807161102,-0.007901671466650884,0.021505347144043174,0.03229681165351517,0.008999545333290504,0.004375151206216232
2024-12-06,-0.0008229105266140957,0.00021398933092253714,0.012506483694916692,0.004825708451259292,0.001320190515164299,0.024370647396608547,-0.004442398666967606,0.053397958017247005,0.004197248903886397,-0.010541837779006635
2024-12-09,0.01610120119058589,-0.017968051096640014,0.004594675956538952,-0.009271600124913237,-0.027978438500349423,-0.01635229682250039,0.006790248487532624,0.0014644862094215227,-0.019540115763884702,-0.005899437463817159
2024-12-10,0.004133717052538177,-0.0034848691365035878,0.053246534028261294,-0.015299854929220591,-0.0049776634741695025,0.009371475816850161,-0.026881233506582225,0.02873337295448497,0.007673359900989052,-0.002037270411240688
2024-12-11,-0.005166048550183766,0.007213162935726158,0.05457584496047274,0.012871090668080454,-0.00443988214535096,0.02157193841069205,-0.012376252902412843,0.05930322291934931,0.004336363725038428,-0.0066565409835459555
2024-12-12,0.005963710615935591,0.0,-0.0156576673306128,-0.0016032057748094353,-0.01718517898450722,-0.0029873291022944892,0.01503764524887563,-0.015702575706076027,-0.009161775522176452,-0.0008935102008424955
2024-12-13,0.0006855083085290925,-0.008897682939484786,-0.011620062946628429,-0.010361730496791677,0.008653405199251285,-0.016550532311924493,0.007407432285523097,0.04336284290396253,0.003919855353556656,-0.008764159209847855
2024-12-16,0.011727783478010068,-0.004379279788990109,0.03542687317228621,0.0014518163869545742,-0.012824495354547993,0.0070823585920503085,-0.011167128616612398,0.06141250567967771,0.006578390310276738,-0.02138205962670736
2024-12-17,0.009719587041880029,-0.009236843246995585,-0.005248243935133345,-0.019869318955122228,-0.0004877315477406219,-0.00768940906895732,0.0,0.036369912179738284,0.00579715177352691,-0.004240800366081654
2024-12-18,-0.0214218503091248,-0.03440613765047451,-0.03535919555322642,-0.04251070424634329,-0.017864851929215053,-0.03591953966080563,-0.01718959439406187,-0.0827949436951747,-0.019597407877717132,-0.014720917819353696
2024-12-19,0.007014609420589402,-0.002758680364862376,-0.002366593467011402,0.006797009247361041,-0.009376246551610623,-0.00271264966126028,0.011999126047262942,-0.008997322180141931,-0.0016035455724279224,-0.00855097827801432
2024-12-20,0.018816007983126326,0.018211180865399523,0.017185183627975942,0.021859672697441823,0.013491143209946266,-0.01732801391085692,-0.014770947172237814,-0.034642491239586515,-0.012419681527860882,0.0034120555039851563
2024-12-23,0.0030649195987346722,-0.0063391624770031685,0.01570266577681312,0.00826706914503239,0.03714705320997691,0.024946617822174888,0.01346263602411013,0.022657123925894362,-0.02049008225157256,0.004061462865630139
2024-12-24,0.011478136328879396,0.01116419431960236,0.008061657739660166,0.021041364953680475,-0.0007661630534139263,0.01317006291870304,0.0008049171888295792,0.07357174228224572,0.025788633651244952,0.0009408248611837422
2024-12-26,0.003175692215973802,0.0038305561867655324,-0.0023788703028917446,-0.002676844025926828,-0.001922847125782834,-0.007239916184264672,0.004223264590797582,-0.017629994630971146,0.001186894350132528,0.0008458410117244686
2024-12-27,-0.013242255697510141,-0.004713796602931253,-0.01552520874671659,-0.008688471983989254,-0.013813725295202084,-0.0058672318446107985,-0.0017022276622732369,-0.04947922616674816,-0.01217797560437972,-9.386945160594351e-05
2024-12-30,-0.013263453521946578,-0.009697726430219822,-0.006957211025836463,-0.004564466790562771,-0.01191297671976388,-0.014287931876544646,-0.013339894439027833,-0.03301209257078741,-0.011891767577889345,-0.006761869916495744
2024-12-31,-0.007057860475719546,0.0009110338882323266,-0.011676906599632497,-0.0016215871292249995,-0.0023778981131572507,-0.009691333260920865,0.011283861464395972,-0.03251001941775111,-0.0024291757921204304,0.017114163880096678
2025-01-02,-0.026235922286754865,0.007736066323298374,0.0009977407470378452,0.004104040631221162,0.007862634861810491,0.023449545528542615,-0.0031161504423885544,-0.06081615932376483,-0.0038737556223377156,-0.002416996506629965
2025-01-03,-0.0020095093686210985,0.011740845136670508,0.013114358126551595,0.008974355468910122,0.005025325665257263,0.008994582103633242,-0.00030259443137148345,0.08215567328200035,0.00866667262391041,0.005125310942950767
2025-01-06,0.006739132794214564,0.013166598912427885,0.02500907363182736,0.005619527973525162,-0.021586230436280385,0.042290500067308834,0.00585028238677654,0.0014861742226248698,0.0071601865144426124,-0.0011124231911101568
2025-01-07,-0.01138771423809637,0.01497806636951382,-0.006314343426830127,-0.005605156398954314,0.010704477363515208,-0.019533476024372387,0.013036535064911536,-0.040603340073111505,-0.0067812895005376905,0.009374239928251926
2025-01-08,0.0020229253032912897,0.0028211058584268756,-0.006710495690587792,-0.00017224611096677833,0.01801399844078788,-0.011604057211051622,-0.011581885842761763,0.0014707807875757872,0.010902104760382558,-0.016735469326426777
2025-01-10,-0.024103726697463634,-0.02380436022505361,-0.011361768408796658,-0.03451630456407229,0.01610726272465768,0.008416239639515544,-0.006008904840129503,-0.0005064369418008585,0.0130719031328006,-0.0036473436343759102
2025-01-13,-0.01034417252455,-0.0011085204234873025,-0.004555726721189313,0.005267922102757838,-0.003025483356910441,-0.012226733784693189,0.017430799078607784,0.021710512074366584,-0.015806668688322922,0.025811917014705976
2025-01-14,-0.004778134860750183,0.015978780069390464,-0.006448525700297969,0.01524128724211038,-0.06592016783187349,-0.02314532262362723,-0.0131711165763847,-0.017232432245921525,-0.008084759273238484,0.003934514920050036
2025-01-15,0.01967588958356825,0.02883357345654436,0.031038901410031405,0.06017171232491614,0.0024568309001773425,0.03848547294908666,0.0044153313187145216,0.08038151439752794,0.006058011604296976,0.016314123201267128
2025-01-16,-0.04040030520176108,-0.009766512261354388,-0.013046823826881493,0.011668165299631106,0.014543079164490491,-0.009430916740846285,0.006094648985502493,-0.03362756026209679,-0.0004378681072177981,-0.001703875594508908
2025-01-17,0.0075353816401564355,-0.002358591122270104,0.016151391693319805,0.021126038123587154,-0.04208021644842197,0.0024047091602301673,-0.02760675345960817,0.030641323404759335,0.007009805698573457,0.008983189814774084
2025-01-21,-0.03191579220080276,0.002794077481699242,0.010529053697319712,0.014058837771667276,0.022915339681550684,0.006021975038847938,-0.017156929895609352,-0.00569752092797482,0.01239948370670052,-0.007567611237676131
2025-01-22,0.005344969636105645,-0.018645607050839175,0.002003502056440176,-0.0031667123880334547,0.01566633321664246,0.011419838305023466,-0.005818670439062701,-0.021128638710367298,0.0016115594957724078,-0.017403858517385573
2025-01-23,-0.0007596153569087161,0.013103323781914034,-0.002249471409491388,0.010699691953266699,0.0167378297816696,0.020770022839735613,0.009928847721262679,-0.006576523247056931,0.0062211216714804785,0.005660643869422888
2025-01-24,-0.003934574533019042,0.002802339271609444,0.011624314572373784,-0.00406561106640746,0.02453684853297311,0.01734624351045788,-0.011176584515969257,-0.014064741844588391,0.010126789715336315,-0.013527050644477123
2025-01-27,0.03178028898315488,0.012252784542567952,-0.0402674728533059,-0.00568379176425815,0.028978555564083353,0.019135303089150568,0.025013130605305856,-0.023193450212053546,0.027859875425563674,0.013896530533503704
2025-01-28,0.03654401552062425,-0.005308965308526314,0.017030502908378597,0.007137358781045489,-0.003934778564114283,0.02189807346849837,-0.005003188193637098,0.0023668700890153715,-0.001129377429203493,-0.019333750937444605
2025-01-29,0.004616744646861681,-0.001921455262084315,0.0005581280954958245,-0.0006586206491968616,-0.001130371593182411,0.0032030536250882147,0.008517262715704188,-0.02258280870425211,0.002158536420582724,0.005831085062613539
2025-01-30,-0.007394636170183988,-0.0006415774602241964,0.027639816682011542,0.013053624460559243,0.02381592366467622,0.015536084637202352,0.006817152420684591,0.028732954254456988,0.011794866059974263,0.00828201915027904
2025-01-31,-0.006692283946946764,-0.008989793197007323,0.014657326933821269,-0.008208190134102566,-0.014758895617929424,0.0031732662098218345,-0.0013136440150539608,0.010792463618949588,-0.004967045360925404,-0.025006822190665745
2025-02-03,-0.03385591098979934,-0.0019438652351151386,-0.014397027132962092,-0.012539087988664321,-0.0008014001796170511,0.012014251704945522,0.009815748764689936,-0.05170542044525339,0.01405860978770912,0.0024337386988240173
2025-02-04,0.021007882678863554,0.01082013269062232,0.025019812359733384,0.0028621547604130715,0.019298439681993518,0.009649299387625376,-0.090690433409502,0.022232065633156273,0.012356888953938716,0.026799997454947988
2025-02-05,-0.0014174874107210078,0.008563465397031456,-0.06937558253959275,0.01777102705228306,0.019501973903955916,0.0009657945162417914,-0.011791858250910559,-0.035797094243459227,0.016770785755329864,-0.0007276222266464627
2025-02-06,0.0032262914380707386,0.013372933016073674,5.173570924021931e-05,0.019784568679450443,0.03347271997058998,0.010100949451656405,-0.01806630867089476,-0.010180622383618276,0.003806403972414385,-0.013196178212167453
2025-02-07,-0.023968881843516976,-0.0071218308873226555,-0.031917694331725865,-0.003524461815225366,0.009122475011515752,0.0035534515422253055,-0.00874501579528797,-0.0339282217314959,-0.01652891194951056,0.004242364830068013
2025-02-10,0.0011873911886952637,-0.01540096215434672,0.005664253347826165,-0.008187252468519701,-0.01073641417240112,0.004030691768311723,-0.010082488317514016,-0.030114441341470455,0.017498814253906536,0.01910179491721098
2025-02-11,0.021831762511779873,0.002571385407438509,-0.006004232596042547,-0.005057495308774085,-0.004465668821745261,0.003345396928592592,0.0016203843797177875,-0.06338211812502892,-0.004372443462872466,0.006307971732415707
2025-02-12,0.018270203159199028,-0.012395840175852046,-0.00876681108978683,0.0027192549933081622,0.009213846183584673,0.007752233259955776,-0.010053055757505258,0.0243835913717656,0.011125291099155943,-0.03008664379136572
2025-02-13,0.019673264744716645,0.002596896736149379,0.01321263161098929,-7.69341601527529e-05,-0.0012715533631176834,0.004383920309638523,-0.014591090196125478,0.05773971683431944,0.013898281530360324,0.007265972071887061
2025-02-14,0.012710633509537939,0.013597904563698693,-0.005375802025103904,0.017874905314766876,-0.029975985158707807,0.011131486751409181,-0.016701968887741225,-0.0002809633725618932,-0.00961441420856557,0.0010172929514935536
2025-02-18,-0.0005314861821118511,-0.009156753606745172,-0.005726034818152703,0.017621836938674917,0.015315023959203033,-0.027556406459222527,0.0033729227781822413,-0.004861766535893763,-0.002499089868380655,0.017553499858406374
2025-02-19,0.0016362165493104541,-0.011175546772497547,0.007158354561648261,-0.006010223695015693,0.011490900531184955,-0.017588756977207187,0.027734469741352408,0.018214714280444966,0.0021198206471828573,0.0014526820804761087
2025-02-20,0.00392045480884029,-0.01543129946033761,-0.002618470718348309,-0.03874874459307964,0.007000728203600426,-0.01268867351034153,0.024299181353890864,-0.01708454543992588,-0.06528849445502105,0.01541262796795917
2025-02-21,-0.0011389589866191985,-0.010816699058147417,-0.02711108901363013,-0.025939717627955772,0.0006413812072343372,-0.0162484694260826,0.02075720128870584,-0.046839747148427646,-0.024997327152692095,-0.011696390556058978
2025-02-24,0.006312241200141067,-0.007810888277882677,-0.0021478392915804667,0.0008631536137007068,0.00883618032296507,-0.022558550636205377,0.019776527207970407,-0.021521578674915554,-0.011711379624376184,0.0052397881374210975
2025-02-25,-0.00024284817705566564,-0.01169604188236728,-0.021082906923924893,-0.01793533989689655,0.023144931044449146,-0.01591032170507445,0.0017530555485396615,-0.0838955952220366,0.042916651118740656,-0.013840194486757107
2025-02-26,-0.02704006316579821,0.0,-0.01505318693558333,0.004651063854157034,0.014648568630614145,0.024638940547105914,-0.022421629848254465,-0.039630120487999076,-0.015252351848188628,-0.0024605693810982876
2025-02-27,-0.012730959115322515,0.004096629562969856,-0.025701202894926833,-0.01581502150675984,-0.010765044257557088,-0.02294791549446573,0.01342593936418024,-0.030433204805490277,0.006133154022968101,0.006303672600981081
2025-02-28,0.019131926257306642,0.04487764143083117,0.011808916599374442,0.02857861536865558,0.017091089352126332,0.015131349484012624,0.01843681091073579,0.03912040539724382,0.018803499653618605,0.010712574692218535
2025-03-03,-0.015754294880166553,-0.011713620198805619,-0.020671048028494066,-0.027366665473417595,0.009873544633967946,-0.019679833125633817,0.00975600666850851,-0.02843203214376444,-0.01034386383590602,-0.03206678479051284
2025-03-04,-0.00882233797079457,-0.06343294439433178,0.023419730867482613,-0.03985069699924915,-0.02007049809160144,-0.022975399813082054,-0.006333838489446686,-0.04429996705409467,-0.026846901157876024,-0.002041498099362271
2025-03-05,-0.0008053630534644585,-0.008905547492554677,0.01378830498165251,0.020528649274443422,0.020481573472902248,0.025734254689345093,0.006806280768866024,0.025952056083059283,0.010635039128110924,-0.01952769739180027
2025-03-06,-0.001739169589466738,-0.019626403645279344,-0.004457450820917197,-0.04282808268102434,-0.018242028784744346,-0.04347472255137064,0.008691995400124775,-0.056073068986891905,-0.013961383705047958,0.02067526556816235
2025-03-07,0.015892552018619277,0.004854611000181475,0.008840007434467001,-0.014092668710401934,-0.047307091451469496,-0.003615076281538121,0.0069148678459927115,-0.0029607088371812473,-0.03085372815881915,0.013008714803146582
2025-03-10,-0.04847952646788245,-0.03792278311347852,-0.044090085512588084,-0.050047165154515794,-0.0457921565255357,-0.04422534183966975,0.0061278924505230314,-0.1542620682219512,-0.042520742704800996,0.025499962941820442
2025-03-11,-0.029189390099861323,-0.0055235229114178885,-0.010905208244412656,-0.0004327676556727944,-0.0068695218413739045,0.01290987642164354,-0.005250407113407962,0.037947369642955975,-0.004327006136177203,-0.023613571450347814
2025-03-12,-0.017478762789211566,0.007573875376115202,0.018195036233800366,0.008053764135946162,-0.002669679118292856,0.022865696513528544,-0.014567758744776116,0.0759389121683911,-0.025617641903447286,-0.00027490505513061425
2025-03-13,-0.03364356682026348,-0.006013672277554338,-0.025266372629045186,-0.020346860334266248,-0.02459055093679896,-0.046678211462215846,0.014568780263251258,-0.02986820819658198,-0.008215998661072366,-0.00421520508299944
2025-03-14,0.018170561422649945,0.030753739601127705,0.017543861280794104,0.03163042299548069,0.01475709810979331,0.029629833479586143,-0.0014781245788735298,0.038640532386444715,0.010059164016564148,0.029723093516164534
2025-03-17,0.002388893084173116,0.013450648800738874,-0.006263942761317254,0.018341273621350407,0.013866355163679955,-0.004443673876819543,0.010985433499146824,-0.04788383640805238,0.024721828577599858,0.01662201246720163
2025-03-18,-0.006121572295473499,0.005067759031147201,-0.023413793423785023,0.0007979813376102207,-0.0027280530632831645,-0.0372624626533995,-0.0007385405863379324,-0.05335909096824687,-0.021381202592955506,-0.0010548766323733583
2025-03-19,0.01198932118931273,0.013445350147779367,0.02219235154538368,0.010076305163498223,0.01762898709088212,0.002919212905865498,-0.007390191732018048,0.046824389357219776,0.00864584558690007,0.015575511366091366
2025-03-20,-0.005296387612504949,0.0063965769990370624,-0.0073972298809610315,0.009581483590133333,0.006642609171022995,0.0033214960792264936,0.007551679954248991,0.0016958954271570903,-0.0060234326713782815,0.004245784626492499
2025-03-21,0.01947689810001929,-0.0002354489155228512,0.0072704198137412135,0.004371896201689207,-0.0059342126828024755,0.017491605838385604,-0.017101263140179346,0.05269623506518384,0.004732777580270797,-0.003451284792280296
2025-03-24,0.011270430382703811,0.014127676969621028,0.022135336511080794,0.02647117799980747,0.03263019102134934,0.037903457309122146,-0.008592023427504092,0.11933580126800525,0.017562109763656908,0.002597393663801295
2025-03-25,0.013681910640436001,0.00487578496077834,0.016830562605255173,0.010067206035081266,-0.014510474533159012,0.012054747584876457,-0.0480988252019966,0.03502280788451673,-0.031203415503038512,0.006822012780218989
2025-03-26,-0.009921908512115496,-0.010628550701425432,-0.03269875906231201,-0.020513940468339986,-0.030022743889810743,-0.024476819061459265,0.002731319061803017,-0.05580626179068926,0.0053090836171572064,0.014409598175877836
2025-03-27,0.010472665543175053,-0.006071874520148124,-0.018308001469927282,-0.026136212234107115,-0.006156683310270861,-0.013748350915047225,-0.005788220871560057,0.0039329829222258805,0.004928897925538633,-0.0032130388015295663
2025-03-28,-0.026580320996315576,-0.030780027611172933,-0.048878609897201164,-0.02826866240108583,0.0010223882717170785,-0.042882264181107965,0.01860745192596136,-0.03507493471452938,-0.005605474960930001,-0.0013571837702172074
2025-03-31,0.019412558903452393,0.011636258011190614,0.0010893189508414114,0.0058366623968935105,0.004133676482173332,-0.0006588959237707748,0.005939574183410068,-0.016657121359109794,0.031004175593180028,0.010192846630985963
2025-04-01,0.004771978062007687,-0.005751112527543012,0.01696227335983913,0.003953940527438027,-0.025039053489726792,0.01672557683963105,-0.029411709908961137,0.035885119854736525,0.011846489232712365,0.0009249128430812714
2025-04-02,0.00313633583274342,0.008676710462864667,-0.00012584079490496336,0.026711400161349985,0.01613196852851062,-0.0035324133804196522,-0.005968894654859391,0.05326685079977622,0.010469376072274494,-0.0031083594860594754
2025-04-03,-0.09245605599553952,-0.11063310367428558,-0.03921692678162603,-0.09211480670396222,-0.035601671745335906,-0.08958261422048308,-0.0024248835536342384,-0.05474611137253549,-0.02785211384983266,-0.05258267285411844
2025-04-04,-0.07288738641142001,-0.07603448333980822,-0.032038274684076606,-0.07906435796351363,-0.06447933461635968,-0.05058119757236168,-0.056951089190375837,-0.10419786826814681,-0.046642148510245396,-0.07195589413875325
2025-04-07,-0.03673438112745897,0.03460305368140837,0.010153033331093297,-0.011257133644753337,-0.01961501695367507,0.022823968180742726,-0.0035595342265011265,-0.025644236634809525,0.007693149843766678,-0.013417652601821817
2025-04-08,-0.049818181541527395,-0.015458148153984386,-0.017823670687971083,-0.007067571945323037,0.00346819185861702,-0.01123481533870696,-0.027469713961045805,-0.048994783337158565,-0.024334940330501875,-0.02108028948746321
2025-04-09,0.1532885392548704,0.060519569013625985,0.09878552344447522,0.11823376498899663,0.03782497228598802,0.14755604564869418,0.03749203407750534,0.22689989839624536,0.09548835698946467,0.04991559367359777
2025-04-10,-0.04239371063224606,-0.03499337691591087,-0.03532829756778,-0.052372996479286504,-0.04351816137341302,-0.06739841657958934,-0.053229080929583894,-0.07274069589492627,0.011272372887468185,-0.05548187439759367
2025-04-11,0.040594423581418404,0.002789594147790897,0.02593789695957449,0.009473320916866479,0.01595207968265,-0.004978956884750696,0.021018551283375597,-0.00035656236159631316,0.024169517271807495,0.03212234925880342
2025-04-14,0.022053996592583225,0.020027743087103866,0.01298621535601141,0.019294550854560777,0.029955916758191314,-0.02224188164668206,-0.00012632018929525923,0.00015856900364230597,0.020797549647306512,0.002423817486735924
2025-04-15,-0.0018763741147476143,0.035996723109137374,-0.017278761572047885,0.007758265335008563,0.0037516687283372097,-0.018740179615247876,-0.00985220782980345,0.0069744183248166,-0.008022842441032685,-0.002804875996432199
2025-04-16,-0.038933304436288285,-0.017372836006880443,-0.02004018270977137,-0.017405366233127495,-0.02942505745813695,-0.03683466582500228,-0.024620514288053674,-0.049427403598542585,-0.029583964219035308,0.010572376192660826
2025-04-17,0.013949492299973665,0.0021428187319454395,-0.013762076670570611,0.02091975213324937,0.14295825518978345,-0.0016523204680641834,0.020141387360874896,-0.0007452201709629014,0.022261251431529905,0.026202047835911957
2025-04-21,-0.01939270154435302,-0.013098037144241181,-0.022822189639090107,-0.015957160343694432,-0.026120158978881647,-0.033540727970083783,-0.0019230592528083346,-0.05746362595919796,-0.008689116045372591,-0.014683868365495067
2025-04-22,0.03406507370041245,0.03791980295078945,0.02695843644462781,0.0371591024468223,0.01163776275640327,0.03222878866647605,0.014386494890432422,0.04602198338770602,0.026403989264090155,0.02800196715668868
2025-04-23,0.024331483040173962,0.011221346803083065,0.02482141712317021,0.017923333727437818,0.002271719606595557,0.03995765557042463,-0.0029123846279819343,0.0536622440095611,0.001159816445733819,-0.008587308706903385
2025-04-24,0.01842618964238696,0.021419312642962485,0.023776214401975748,0.03034134381221243,0.03654367960455529,0.02475651449251881,0.013969933457965933,0.0349764859229853,0.00926697053061143,0.011735096483703744
2025-04-25,0.004367282856598376,0.002779205881741076,0.014739597906767488,-0.0009352222888334705,0.028857819118168093,0.02648397953034176,0.03632264783909944,0.09803091011549903,-0.0078254806688427,-0.0005523463750074509
2025-04-28,0.004109420560413302,0.002267503807655835,-0.00872736085976511,0.002826553524900133,-0.008196396549086549,0.004513281679279002,0.005438770544691218,0.0032637046356942534,0.001367099842487951,0.0005526516301319617
2025-04-29,0.005091773683894019,0.0052792337457792105,-0.002216613688917235,0.004611868297382138,0.009016483332090708,0.008549470526766578,0.018271502500205594,0.021512501019458785,0.008611653085737636,-0.0024854124093623975
2025-04-30,0.006107731322571031,-0.002750809521563813,-0.007219549382967538,-0.0024958086852181482,0.01553314574816489,-0.00981164784044053,0.005784300039060275,-0.03379788089732105,0.012598856401365932,-0.02519386523453515
2025-05-01,0.00385881850870029,0.007271798830573939,0.011809332815309048,0.011469287221071767,-0.11663600095977933,0.042276982887499814,-0.022769815154671802,-0.005812356915055328,0.0016453654917476523,0.0014200839128186704
2025-05-02,-0.037361736221225184,0.022404772615671087,0.01855148791275285,0.02215489854333641,0.0371741658488276,0.04335813463429772,-0.0009609450948090403,0.023848576584252656,0.013756201746436547,0.00406508431170538
2025-05-05,-0.031458456524213974,0.0012173749341048978,0.0014476224831192486,-0.011552735080959553,-0.002622645704346338,0.003768787223651149,-0.004087585929919535,-0.024198258752220814,0.005873372130435817,-0.027681047960011362
2025-05-06,-0.001910697305796516,-0.0068092774904054965,-0.0051190968275292015,-0.01822866169571158,-0.056411662570144516,-0.0199576800606861,-0.04587146526696384,-0.017519458684867262,-0.007852463558853384,0.013944043949696283
2025-05-07,-0.011384748507727971,0.002203845958886008,-0.07506038807511028,0.004660031922676611,0.0020641953059163942,0.016175416559757405,0.0010122506815086751,0.003159597232260225,0.0028411912000072537,-0.0009549900430185776
2025-05-08,0.006318430876231851,0.01636930933630354,0.019306154370625883,0.024967203314282038,-0.03253436688129663,0.0020107408597389576,-0.018579523391684005,0.031134624811778533,-0.014165942606017445,0.013956516822212883
2025-05-09,0.005265995778690469,0.004567313492255032,-0.00879612998217183,0.0024749824898444572,-0.022463116787781567,-0.009230724140860458,-0.021635634525700165,0.04718770485146129,-0.004887005703379965,0.011690463387191707
2025-05-12,0.06314626351248398,0.03756878459870472,0.03368313308742188,0.0427437615326669,0.02858812648779452,0.07922494403045865,0.05870747803014953,0.06745790403815088,0.0003102089774478234,0.017239774711931943
2025-05-13,0.010152295700247338,0.02121770116613808,0.008208959809276939,0.021087756341834574,-0.012586533898071628,0.025960574911195522,-0.04724605208637067,0.049280740626853614,-0.008992316359562214,0.0027482499276345607
2025-05-14,-0.0028178117705190964,0.010388609028241902,0.03679542996008167,0.012901384495601631,-0.04088144424923246,0.0050761113101345234,-0.04123707804778087,0.04073991993646375,0.009908302844375383,-0.008953151647580815
2025-05-15,-0.0041445795580346,-0.00804667969848849,-0.008452820553562224,0.007030796708696219,0.02477781498196263,-0.023477364180201743,0.018102620682060477,-0.013978329078298546,-0.004957228274268144,0.010140547983330528
2025-05-16,-0.0008985115875175254,0.006985109664348732,0.0122731851944069,0.005081929605216695,0.03498269864804526,-0.005497781766312326,0.01684483003301085,0.0208856061756566,0.019616059469461877,-0.0035918242224057817
2025-05-19,-0.011739014569891792,0.0017901812789939964,0.0026281279879387665,-0.010871914327459153,-0.0030104094234726375,0.00014049165763796445,0.01538268409164334,-0.022544186527114873,-0.0012214806431575242,-0.01589784536671579
2025-05-20,-0.009196290225973569,-0.001786982256811953,-0.015190336215135658,-0.009439678452681233,-0.010726817442472503,-0.0051997576763647135,0.009581756953437548,0.005057180873010214,-0.0032613698286440007,-0.014276472609457747
2025-05-21,-0.023059188828253863,-0.03222194703467285,0.028671645510426558,-0.021532751679181783,-0.029531127229802,-0.00251150738826611,-0.012697116404975062,-0.026758222357769146,-0.014008121420762465,-0.012291443847459393
2025-05-22,-0.003612083050772208,0.0013873613771790971,0.01129020560857108,0.008037555053967749,-0.013449127482544787,0.001683793413659096,0.011171519948226516,0.019185982671137136,-0.005185139385574633,-0.006656386579869222
2025-05-23,-0.030244327072718957,-0.0025399418231381032,-0.013897094562138945,0.0005182874402269722,-0.0020833607278810673,-0.014939401191701784,-0.0033400458898242835,-0.004984788190348977,0.0042737942121413575,0.0005825884941983439
2025-05-27,0.02529826078968056,0.023611261997017907,0.02588592572771331,0.0287197864528268,0.016127068095644237,0.024335939618747027,0.00012882275098058393,0.06939947711644767,0.012871189722021725,0.004755876324139541
2025-05-28,0.001048808584207972,-0.003618416561051885,-0.0034484471244565773,-0.011839532520325213,-0.008038959390067046,0.0019615834940001076,-0.018301251020827247,-0.016506435862546853,-0.0034843227551150102,-0.013620449694393355
2025-05-29,-0.0023450598043754933,0.00408547943138049,-0.0024224427738321896,-0.00588399299470288,0.004420399234634775,0.002284065493747489,0.003019547918830856,0.004286911755287504,-0.001439742298945168,0.005680199976592748
2025-05-30,0.0045011768949494435,-0.0024864592283521114,-0.0006360911811595926,-0.0023426784599586137,0.020897578472040435,0.003782773403636197,0.005759186315457132,-0.03339564619395741,0.016683907002333465,-0.0037978404157255063
2025-06-02,0.004231977503895257,-0.0011330501936882564,-0.014347796297509263,-0.0028812768953137002,0.012810587439189947,0.03615494375569539,-0.007678402113016625,-0.01088145559849063,0.010636105073970059,0.0073312820478090845
2025-06-03,0.007783918081640806,0.012930961638594862,-0.015613017310467603,0.008534862474527838,0.004898875591020202,-0.006036705081453708,0.011672206931909512,0.004610541775392996,0.002104849203365733,0.007278078314744585
2025-06-04,-0.002213904838719083,-0.006494858441959295,0.010017276616238746,-0.007651018130166998,0.02005915161438887,0.0316411934047236,0.014648674512726778,-0.03549540073392177,-0.006301207409524334,-0.014450829568508516
2025-06-05,-0.010797699336839828,0.0004507641380182559,0.002479504113648723,0.011131239605117527,-0.00020899907981009047,-0.004840408080839409,-0.008304443490776081,-0.14259893789082123,-0.013990982831698084,-0.00459442194296289
2025-06-06,0.01639831188885066,0.0192655483977211,0.030092504667006637,0.01340201524018969,0.0054853657618287865,0.019120133016159224,0.017392264277386493,0.036670186138995975,-0.005002060729963342,0.023961497210112537
2025-06-09,-0.012112573294913775,-0.002223658723381483,0.016713391523940357,-0.0007816442985041361,0.00497488605091001,-0.005231363552802071,0.004558712367202622,0.04553761352840424,-0.00020529360734966584,0.006713408931445564
2025-06-10,0.006056171007002398,0.004903125419955412,0.013398590559692725,0.0022003226246771757,0.0432719265311039,0.012016210684150819,0.025463311283487,0.05674382827003055,-0.0013338535277883645,0.02143471487528803
2025-06-11,-0.019193788036113046,-0.00798403883790566,-0.006777379910117176,0.015125208146924196,0.0017592763505376308,-0.01175967840046177,-0.012661367782476063,0.0010426457165473302,-0.015618614212213222,0.019492553493155373
2025-06-12,0.002112861287835832,-0.0024591921029791797,-0.010179464467819033,0.001505895346857189,0.004229503952313252,-0.0011237827893579855,0.018675326998172315,-0.022424432461661592,-0.010125288052664438,0.0038423082139042997
2025-06-13,-0.013805310006740679,-0.011878140369350532,-0.006159250046822828,-0.018508825515351712,0.009026673308683453,-0.015129227510967902,-0.0013444931258969062,0.019429076154419578,-0.004112603595928022,0.021780666171960172
2025-06-16,0.010028094916962882,0.007257819547569433,0.011712466299872881,0.023323720193702435,-0.014377014660883591,0.028981017530439246,0.000741568062186948,0.011742668079331553,-0.001588327738044737,0.003210896474796776
2025-06-17,-0.014010749776737996,-0.004053145176586059,-0.0039901034289709925,-0.005112605954380012,-0.020233436973158936,-0.006964531690952236,-0.03310265897009812,-0.03882963749794621,-0.0004241898007442124,0.01351351729681216
2025-06-18,0.004804789802485221,0.018765640640916237,-0.018337795479003716,0.01696964429057024,-0.007848289399495667,-0.0020940446767588883,0.012902493465456688,0.0180179597897272,0.008912419098127122,-0.007105289199959008
2025-06-20,0.02248444708330055,0.009764728383133914,-0.035923699628989336,0.00875265415724602,-0.02840665207907611,-0.019288070960555737,-0.0029009121669862914,0.0003416111576173275,0.010831862090011857,0.013340351593700506
2025-06-23,0.0024875991592816504,0.0175824814081611,-0.010254490171198949,0.009488141353668933,0.010370714690266292,0.023712252425267755,0.013913589464940701,0.0823193093872907,0.01820639835558624,-0.025806449841642154
2025-06-24,-0.005955377660487593,0.007775384660974272,0.010421202560465526,0.023543752258324835,0.009654335529734936,0.01956970116051715,0.001995999738364951,-0.023545920693855638,0.0013283651110433947,-0.03042776901166644
2025-06-25,0.006290559785556926,0.004071967355427475,0.022355913877654787,0.011720206862140037,0.01827560053045718,-0.004942493770294543,-0.008092663604501671,-0.037947582404945,-0.007551015217428181,0.0002769285995085635
2025-06-26,-0.0027783186714415153,0.01302029840052299,0.017143838182769322,0.025811041500481302,0.003559309686785639,0.024566835351205407,-0.010543424056578932,-0.0054037218123500486,-0.012749357062441624,0.014948769316524446
2025-06-27,0.0003979975737542496,-0.0071638607910765595,0.02201459194199007,0.0053116706885592,-0.024738287061781827,0.01038440480523728,0.0034250339737884605,-0.006599526995335614,0.013017998857640212,-0.005545957278864977
2025-06-30,0.02034015940234224,0.00424439369444074,-0.004936292665407516,0.02452184046973005,0.005261368149128032,0.00607944825136264,0.0007585428521390547,-0.018446995428822777,0.005243101661773331,-0.014444959303354099
2025-07-01,0.01291618357444646,0.017540241106446475,-0.0027059273421242702,-0.0018225642195023317,-0.004656639835686649,-0.025566142826694893,0.033476384419407035,-0.05335897504131726,0.00470458073291069,0.013357989097996237
2025-07-02,0.02223085827207738,0.011630241379924522,0.016109733438249618,0.013348216390723477,0.004356237200993318,-0.007855716439176708,0.007089750239637205,0.04968242780731846,-0.00641281253161774,0.01656912288282686
2025-07-03,0.005224895644146299,0.004516512614019197,0.0043949177698014985,0.010881579921248496,0.0017835565894694927,0.007623656797967948,-0.017720655293420706,-0.0009503811144286889,0.007683566445967571,0.010355592948881442
2025-07-07,-0.016857928064098027,-0.005518012384360671,-0.01656053611403774,-0.017618301958220006,-0.009991298871215304,-0.0009180042269585353,-0.0003707927180051085,-0.06789282780315342,0.0100651167359882,-0.009714791187946603
2025-07-08,0.00028588290096287494,-0.03103168275701751,-0.013516511227103511,-0.019200166473609337,0.0061976712604945305,0.003229734011525265,0.005809746304560992,0.013165935514200422,-0.022747891595746417,0.02772029154447897
2025-07-09,0.005380619644419049,-0.006574748705915678,0.014272622438103788,-0.001032610821268487,0.011907506692983016,0.016803800869835905,0.02875749457307486,-0.0064806174796113725,-0.002883933102831082,-0.00341529381227057
2025-07-10,0.006015124005702255,0.0027753895048470145,0.0058538465162667475,0.018031445485094943,0.004740073547532253,-0.00756026312132374,0.0037033698603015086,0.0472826483827995,-0.02014261273698892,0.009929702196791679
2025-07-11,-0.005884895859477379,-0.005109704205767729,0.014605406297825141,-0.005880433641151983,0.002984836294626758,-0.013379306605089014,-0.007855275033627707,0.01174690904506881,-0.004849154491943786,0.0043505085674098165
2025-07-14,-0.01202881710029946,0.0072759393535482,0.00827320123387798,0.011844655495008682,0.007982305191269301,0.004752382399978217,0.0037187294783913583,0.010813001260769006,0.01461851310509954,-0.013081607787064242
2025-07-15,0.002348713237791289,-0.019545364961750744,0.001586403138921888,-0.015126890162951767,-0.03451602589094116,-0.014606259798932597,-0.025696159089122927,-0.01931207079538977,-0.00407173246742587,-0.008865855602783523
2025-07-16,0.005021289252517214,-0.002600247009530099,0.0036591947799142766,0.008982083693099385,0.023388332188818195,-0.010529516963484253,0.011162913327232404,0.03504091219258654,-0.002516031159848664,-0.006022521284442028
2025-07-17,-0.0006661019354642361,0.021507730978838513,0.005060595750378649,-0.004204095576151312,-0.0358317611845792,-0.0021339238220121626,-0.011039678354599403,-0.007025863995037018,-0.0006305741717821389,-0.0050788486642970865
2025-07-18,0.005523257149813832,0.006380213859768169,0.006713652457590813,0.003428638873238521,0.013407859919678966,0.0040918920037340545,-0.01913645048042778,0.03205907804067243,-0.00042062106289708634,-0.03483794103622784
2025-07-21,0.006155802989930459,0.0033812463355209488,0.028019681565387033,-0.0031910802016149598,-0.012349376358286035,0.01233868137048666,-0.008129000653554264,-0.0035188948387289143,0.006522896019820257,0.0025982399203696716
2025-07-22,0.00903629637442882,0.006107913253872832,0.005022281088753244,-0.007917736954889398,0.018709515606653015,-0.011445023545626265,0.029000118102862515,0.0110201078413521,0.0018814402357858473,0.004534845045496061
2025-07-23,-0.0011661691340374425,0.007745326257303953,-0.0031232398918265014,0.02442851265544843,0.028914088887323164,0.012443132567029558,0.02904052956208636,0.0013550095657464123,-0.0017735655184254462,0.012806342171925555
2025-07-24,-0.0018211504107996657,0.005193200347870519,0.008824567455164578,0.0023135465129497934,0.008186304716454318,0.0017096735272719155,0.001548069293117571,-0.08197020076301287,0.009615352144000111,0.007823176726808434
2025-07-25,0.0005614314509685414,0.0012399804361147293,0.004554987560493551,0.01362656439831711,0.009013794894497718,-0.002965983538971262,0.00713350927054357,0.03524405566934252,0.009006200099836104,-0.003520175725262198
2025-07-28,0.0007948313685424147,-0.004540830142558683,-0.003400691160852176,-0.007311631159793497,-0.005635558162740417,0.006945712397139037,-0.0076733631672610825,0.030152499060024596,0.0014364238216670877,0.00942029636595798
2025-07-29,-0.012987680343794161,-0.005805394893977689,0.01556201606043861,0.01151121587889925,-0.055883545781144295,-0.02456695144053711,-0.017011618839339215,-0.013483166498468035,0.007376264772193997,0.01292174416030245
2025-07-30,-0.010507880529716407,0.0002085055807554692,0.005141711800050075,-0.0016804036439282966,-0.0037616515850683596,-0.006842858410050834,-0.010649889233022236,-0.006724793213012448,-0.00752575197471772,-0.008681749056987376
2025-07-31,-0.007079572477626139,-0.014387055551049466,-0.023196905611845287,-0.009798021514186406,-0.026326179013585693,0.11252713022888616,-0.04440363921598278,-0.03375758288237862,0.003996450367540927,-0.0023235750030973223
2025-08-01,-0.025003627425670194,-0.03405956938726207,-0.015088687606237161,-0.019375794012333802,0.030078234172623564,-0.03029322970388526,0.01497704201149408,-0.01829559909125389,0.005205028630366426,-0.01791465755992272
2025-08-04,0.004793060447819686,0.004161147423277001,0.030534396037223743,0.02319724069015039,0.008749519544025919,0.035146249341015956,0.007188689654404445,0.021907956170373222,0.011168666993067733,-0.020704108574539082
2025-08-05,-0.0021147218723760464,-0.006324968787888685,-0.002196582699239724,-0.007052244479523795,-0.003966254742404418,-0.01662871131450716,0.01164542440184091,-0.0017461311772288823,-0.002811537965959343,-0.001210767286832004
2025-08-06,0.05090678215297206,-0.0030728926093416264,0.008191604478956727,0.005312865176351211,-0.025563000725292828,0.011172740751957955,-0.01670999915192528,0.03624644466558724,0.04078130383910805,-0.006807177183054458
2025-08-07,0.03179364967503995,-0.011008395190728937,0.001828170612472091,-0.006898987476099294,-0.1413642795147575,-0.013160741951829147,0.011706993468126203,0.007377028928595486,-0.002321873522313056,-0.005257731432982249
2025-08-08,0.04235793525056386,0.024265334659786753,0.02438154507929169,0.0021257801253182773,-0.02373352631066572,0.009805364452043275,0.003981666694462316,0.02290006868278205,0.005915439452894855,0.008022686138281498
2025-08-11,-0.00833742561094275,0.0032602203808673735,-0.002276234854190262,-0.002814635309416502,0.015295942574685917,-0.0044585560369324595,-0.008179551862961043,0.02845443669493286,0.0019280050746968147,-0.009082521847175062
2025-08-12,0.010872351709827699,0.02902945081119901,0.012547739719742879,0.03356337871247583,0.006627613048110659,0.031506538366484094,0.0033737762856778097,0.005338753399730889,-0.0029827461146761935,0.00283481722094181
2025-08-13,0.016024512985909567,-0.0054735705719943795,-0.0055348140357499576,0.0017621789607944471,0.03293564992068032,-0.012556937111292132,0.030012395194623398,-0.004283509772223915,-0.025381191928053215,0.013850878461829419
2025-08-14,-0.0023571690519698096,0.009949111671723854,0.0038911244872676942,0.003370502335447334,0.036245742967608185,0.0026278981885501373,0.0006045610326383954,-0.011196942235471519,-0.0013863573569000698,-0.002044605544777034
2025-08-15,-0.005112134265439328,-0.016139206250196603,0.005347717641950078,-0.02205574462564086,0.026796301944187917,0.003963576590588103,0.017520629064769366,-0.014959143019665277,-0.006112361820207912,0.0009399747560947525
2025-08-18,-0.0030225974608621975,0.020877698012581325,-0.003025746965646392,0.00032856544203885285,-0.004534908404016491,-0.022744904150140632,0.00011862734954948273,0.013915797850586165,0.006999987182322087,0.0021598897026482433
2025-08-19,-0.0014291944969683223,0.003338991588750728,-0.008810936983388862,-0.013106102512478568,0.007392110922871176,-0.02070714816832242,0.008430249213332797,-0.017454368181154756,0.005859033056421881,0.0065591841331813505
2025-08-20,-0.019734652812962383,0.005615564133189421,-0.0113585404770854,-0.0009703207185310925,0.0031711405020464767,-0.005003493310721474,-0.003178942243939775,-0.016428300696053943,0.012637006994189681,0.010333232160258055
2025-08-21,-0.004911305040181113,-0.001861509377683035,0.002147941167814915,-0.006563240359206635,0.006208947178521829,-0.011528322510653277,0.016772868446416123,-0.011701168929731831,-0.04494495695960199,0.006449866239876201
2025-08-22,0.012716750813830835,0.025279777446078455,0.03040572004123443,0.03623155446669357,0.002620326931709105,0.021228506887613907,0.014986152276504905,0.062166209505171155,-0.011535292545097997,0.01876765008089576
2025-08-25,-0.002634239986928577,0.0,0.011803441639685941,-0.00417858939771798,-0.02297372448128787,-0.0019741069342402717,-0.023578114936587236,0.019381771561470362,-0.007848846840954105,0.004133696417869537
2025-08-26,0.00946463359101557,0.015561954024138513,-0.005785135273646769,0.013752334925290821,0.0585332541950061,0.001062044277125862,-0.0037509183211079655,0.01462783391499567,-0.0002080396291526121,-0.0022373196448545185
2025-08-27,0.005145918125483151,0.0025870495797906123,0.0012503122837239644,0.0009612048031308884,-0.0025270173620575154,-0.0089112200819631,-0.0108247818623467,-0.0058862207330171445,0.0003122841958784761,0.011301582886238393
2025-08-28,0.00898081290311703,0.0021833219886211452,0.019979868291353675,0.002067653935776459,-0.003010179373542199,0.004990793991219489,-0.010229634070844984,-0.010354676927882056,0.0003122665889128129,0.005321508036637335
2025-08-29,-0.001805954775134011,0.00495156590376733,0.005462144002305713,-0.0026363619862261878,0.000846966948346628,-0.016522276849352036,0.010936289372674102,-0.03500206799409333,0.009052025709190392,0.008292781548297823
2025-09-02,-0.010424763463666054,-0.006306760576320514,-0.007212097128755812,-0.019322458679882026,0.003562740142750709,-0.0048600207422117014,0.016167453472363036,-0.01350828116207925,0.008970979886760988,0.0034999375876425542
2025-09-03,0.03808989840304622,-0.007139953178531111,0.09014584632802136,-0.00039675309873321574,0.003590969660248078,0.0026391341054479156,-0.015208390731942134,0.014361219324440011,0.01624942219875325,-0.02423926283152078
2025-09-04,0.005493355773038333,0.011186577135222198,0.006750254680678358,0.02510404279106293,0.006885004211949708,0.01573853992775409,-0.0015442040226294473,0.01328983953448204,0.01498380547396061,0.0043784875608297025
2025-09-05,-0.000375433370914946,-0.011323008669320456,0.010788211064727049,-0.014274280741083611,-0.021133115686312598,0.005075736482779147,0.007852471212811851,0.036363092201525005,-0.004161200907981333,-0.02820279190353525
2025-09-08,-0.0075513878695669945,-0.006228688791498849,-0.0034047545534728885,0.004930773857913406,0.015717596383945764,-0.00019938366845928535,-0.007319209376093649,-0.01265534855703887,0.017610094590972514,0.005676018226726587
2025-09-09,-0.014839387013392713,0.01678121125039045,0.024683972005544508,0.02974987567207421,0.01620549047168618,0.01781201240462571,0.006183895917248439,0.001645517708609212,9.777921857678784e-05,0.0072827303397347
2025-09-10,-0.03225941254848019,-0.0031814567227157475,-0.0015837316132136792,0.007409224614765453,0.005342351482800378,-0.017918234967405078,-0.0068550351515892505,0.0023633378140295314,-0.01837919515686781,0.016719439792323154
2025-09-11,0.014286302255316352,0.012367839395700297,0.005092700968250208,0.019685984798187617,0.0021997245894422868,-0.0014360525825697357,0.013328706932554502,0.06043873744853956,0.022308617162778432,-0.003200013977614491
2025-09-12,0.01756295951024689,-0.003349753799931632,0.0024918581563526665,-0.005951019081632869,-0.0011767207493253995,0.006245761487246204,-0.027480974980291117,0.07356092584909457,0.008183176093398803,0.0001782719900551566
2025-09-15,0.011235926409398633,0.0001977201335883194,0.043002738639031035,0.008589110583280268,-0.009531543714835444,0.012056751095801177,-0.011951226223440914,0.03561147147692467,0.0019325713700877323,0.001694012248433907
2025-09-16,0.006125890181851501,0.0013836140953329412,-0.0013504529980961077,-0.0015633425302375992,0.022079971643516938,0.0187001593140248,0.0008638952124497834,0.028241113869250656,-0.002603990866379302,0.020738789613595765
2025-09-17,0.003527257082143187,0.014607267289164616,-0.006244576942697311,0.011062553562882771,-0.0059891756127345985,-0.0042105292945979755,0.0006166729296759321,0.01005642588937583,0.008218876751284299,0.005319214057318611
2025-09-18,-0.004644626316983702,0.014202325695216622,0.009925996219099398,0.01270430046653126,0.0036834986168725603,0.005839810411799817,0.004806507129079707,-0.021157139806429193,-0.006425588879203525,-0.01179642121098834
2025-09-19,0.03203292635537114,0.0023018718649199243,0.011532535361889362,0.0008578628780764319,-0.014339467867334088,-0.002396746784514514,-0.0002452421725755993,0.022118270566640064,-0.012258628569540408,-0.009742856450401072
2025-09-22,0.043095737653501054,-0.006315776822967023,-0.009246175145422031,0.0006957189397036601,0.003936242688259206,-0.016320497421352775,-0.013617967049987079,0.019104804353584193,0.004788315430279022,-0.007090942351974383
2025-09-23,-0.006443278871197333,-0.004237279594231702,-0.0021355082200621434,0.0009434072508662794,-0.010557069013378828,-0.012755500081134907,-0.00547271102244673,-0.019253323313789705,-0.0029176723862829324,0.017229093128151796
2025-09-24,-0.008332328960039437,0.0,-0.017872701992238338,-0.01722639766458911,-0.006867585541434296,0.006963175433525537,-0.0036267607765392285,0.03977927016229388,0.002048481834790561,0.005353222317430184
2025-09-25,0.018073060767529903,0.0029012526684724094,-0.005084079507889361,0.002940343890966979,-0.03674591806178806,-0.015447143614277459,-0.025982257634914463,-0.04381307961359793,0.003114929869623806,0.008990912676600571
2025-09-26,-0.005489212856193304,0.0069432072930328825,0.002473895528541492,0.009751320140602981,0.013923961762361659,-0.006889921329830573,0.012371211604442323,0.0401756741055197,0.001067460096677575,0.014101557612974602
2025-09-29,-0.004031963397017835,0.00402219632291545,-0.011408629126867464,0.0020061954674615023,0.0027191229461402955,-0.0004706273413093154,0.00025461304779561544,0.00638055766924972,-0.0007754865018996249,-0.025592839269777512
2025-09-30,0.0007861175643599783,-0.01583355233589334,-0.0033148241418252677,-0.009662768903167085,0.050226373075322295,-0.012133414881295823,0.0680835061287306,0.0034069849388267404,-0.00019411516099721027,-0.01286987725810651
